食物名称,能量,蛋白质,脂肪,碳水化合物
小麦,338,11.9,1.3,75.2
五谷香,378,9.9,2.6,78.9
小麦粉（代表值）,359,12.4,1.7,74.1
小麦粉(富强粉，特一粉),351,10.3,1.1,75.2
小麦粉(特二粉),352,10.4,1.1,75.9
小麦胚粉,403,36.4,10.1,44.5
麸皮,282,15.8,4,61.4
小麦面粉(标准粉),362,15.7,2.5,70.9
小麦面粉(富强粉、特一粉),362,12.3,1.5,74.9
小麦面粉(特制),366,13.3,2.2,73.5
挂面（代表值）,353,11.4,0.9,75.1
挂面(标准粉),348,10.1,0.7,76
挂面(精制龙须面),348,11.2,0.5,74.7
面条（生，代表值）,301,8.9,0.6,65.6
面条(标准粉，切面),283,8.5,1.6,59.5
面条(特粉，切面),287,7.3,0.1,64.5
面条(干切面),355,11,0.1,77.7
面条(虾蓉面),436,8.5,15.1,68.3
通心面[通心粉],351,11.9,0.1,75.8
挂面(富强粉),363,13,1.5,74.7
龙须面(素),359,10.8,1.8,75.7
龙须面(鸡蛋),352,14,1.8,71.5
面条(富强粉，切面),277,8.9,0.4,60.7
面条(富强粉，煮),107,3.9,0.4,22.8
花卷,214,6.4,1,45.6
空锅饼,278,8.6,0.2,60.9
烙饼(标准粉),258,7.5,2.3,52.9
馒头(代表值),223,7,1.1,47
馒头(标准粉),236,7.8,1,49.8
烧饼(加糖),298,8,2.1,62.7
油饼,403,7.9,22.9,42.4
油条,388,6.9,17.6,51
花卷(加牛奶),282,6.5,3.2,58.9
馒头(富强粉),235,7.1,1.3,50.9
水面筋,142,23.5,0.1,12.3
油面筋,492,26.9,25.1,40.4
面筋(肉馅),364,16.2,33.2,0.1
稻米(代表值),346,7.9,0.9,77.2
粳米(标一),345,7.7,0.6,77.4
粳米(标二),347,8,0.6,77.7
粳米(标三),346,7.2,0.8,77.6
粳米(标四),347,7.5,0.7,78.1
粳米(特等),335,7.3,0.4,75.7
粳米(极品精米),343,6.4,1.2,78.1
粳米(西域王米),353,7.5,1.8,77
粳米(小站稻米),346,6.9,0.7,79.2
籼米(标一),348,7.7,0.7,77.9
籼米(标准)[机米],349,7.9,0.6,78.3
籼米(优标),350,8.3,1,77.3
早籼,361,9.9,2.2,76.2
早籼(标一),352,8.8,1,77.2
早籼(标二),346,9.5,1,75.1
早籼(特等),347,9.1,0.6,76.7
晚籼(标一),346,7.9,0.7,77.3
晚籼(标二),344,8.6,0.8,75.7
晚籼(特等),342,8.1,0.3,76.9
籼稻(红),348,7,2,76.4
黑米,341,9.4,2.5,72.2
香大米,347,12.7,0.9,72.4
籼米,340,7.5,1.1,78
香米,342,8.4,0.7,77.2
糙米,348,7.7,2.7,75
糯米[江米],350,7.3,1,78.3
优糯米,345,9,1,75.3
早糯谷,360,7.1,3.2,77
紫红糯米[血糯米],346,8.3,1.7,75.1
粳糯米,344,7.9,0.8,76.7
籼糯米,352,7.9,1.1,78
米饭(蒸)(代表值),116,2.6,0.3,25.9
粳米饭(蒸),118,2.6,0.3,26.2
粳米粥,46,1.1,0.3,9.9
籼米粉[排米粉],356,7.4,0.1,81.5
籼米粉(干，细),346,8,0.1,78.3
高蛋白豆米粉(籼米),414,16.5,7.1,71
籼米饭(蒸),117,3,0.4,26.4
籼米粥,59,1.3,0.2,13.4
米粉,349,0.4,0.8,85.8
河粉,359,7.7,1.5,79.2
东泽W0868低谷蛋白大米,314,0,0.9,77
玉米(鲜),112,4,1.2,22.8
玉米(白，干),352,8.8,3.8,74.7
玉米(黄，干),348,8.7,3.8,73
玉米面(白),352,8,4.5,73.1
玉米面(强化豆粉),352,11.8,4.9,68.3
玉米粒(黄、干),327,8,0.8,79.2
玉米面(黄),350,8.5,1.5,78.4
玉米糁(黄),326,7.4,1.2,78.7
玉米笋(罐头),16,1.1,0.2,4.9
玉米面面条,350,6.6,0.3,80.5
鲜玉米（带棒）,112,4,1.2,22.8
玉米粒（鲜）,112,4,1.2,22.8
玉米面面条（生）,302,5.7,0.3,69.6
大麦[元麦],327,10.2,1.4,73.3
黑大麦,327,10.2,2.2,74.3
肚里黄,337,8.8,1.2,76.7
青稞,342,8.1,1.5,75
小米,361,9,3.1,75.1
小米面,357,7.2,2.1,77.7
小米粥,46,1.4,0.7,8.4
小米(黄),364,8.9,3,77.7
大黄米[黍子],356,13.6,2.7,71.1
黄米,351,9.7,1.5,76.9
高粱米,360,10.4,3.1,74.7
糜子(带皮),336,10.6,0.6,75.1
糜子米(炒米),376,8.1,2.6,80.5
苦荞麦粉,316,9.7,2.7,66
荞麦,337,9.3,2.3,73
荞麦(带皮),319,9.5,1.7,73
薏米[薏仁米，苡米],361,12.8,3.3,71.1
薏米面,351,11.3,2.4,73.5
荞麦面,340,11.3,2.8,70.2
莜麦面,391,13.7,8.6,67.7
燕麦,338,10.1,0.2,77.4
藜麦（散装）,357,14,6,57.8
藜麦（散装）,367,10.4,7.5,58.5
高粱面面条,304,7,0.2,68.7
乌冬面,122,3,0,27
桂格即食燕麦片,376,11,9.3,55.7
桂格蒸糯麦片,369,11,9.3,53.8
桂格5润麦片,343,9,7,52.6
桂格5红麦片,369,10.1,8.4,58.1
桂格5黑麦片,356,12,7.2,55.4
桂格5白麦片,388,11,12.5,53
桂格奇亚籽混合即食麦片,367,8.9,10.3,54.8
桂格轻畅无米粥：玉米鸡肉味,355,9,9.9,48.3
桂格轻畅无米粥：贝贝南瓜味,359,7.3,9.4,53
桂格醇香燕麦片：特浓牛奶,425,4.5,14.3,67.2
桂格醇香燕麦片：牛奶高钙,436,6,14.4,67.8
桂格醇香燕麦片：红枣高铁,417,6,11.5,69.3
桂格醇香燕麦片：紫薯高纤,425,6,11.5,70.9
桂格麦果脆：热带水果,433,6,15.8,64.7
桂格麦果脆：多种莓果,431,6,13.8,68.6
马铃薯[土豆、洋芋],81,2.6,0.2,17.8
马铃薯丁(脱水),344,5.7,0.5,80.7
马铃薯(烤),70,1.8,0.1,16.4
马铃薯(蒸),69,3,Tr,15.3
马铃薯(煮),65,3.2,Tr,14.2
马铃薯全粉,362,8.4,0.5,82.7
甘薯(白心)[红皮山芋],106,1.4,0.2,25.2
甘薯片[白薯干],344,4.7,0.8,80.5
甘薯粉[地瓜粉],336,2.7,0.2,80.9
甘薯(红心)[山芋、红薯],61,0.7,0.2,15.3
木薯,119,2.1,0.3,27.8
蚕豆淀粉,342,0.5,Tr,85.3
豌豆淀粉,342,0.6,Tr,85
玉米淀粉,346,1.2,0.1,85
团粉[芡粉],348,1.5,Tr,85.8
藕粉,373,0.2,Tr,93
桂花藕粉,344,0.4,0.1,85.3
魔芋精粉[鬼芋粉，南星粉],186,4.6,0.1,78.8
淀粉(小麦),351,0.2,0.5,86
淀粉(大米),366,0.2,0.7,89.3
淀粉(马铃薯),332,0.1,0.1,82
淀粉(甘薯),342,0.1,0.2,84.4
煎炸粉,331,12.1,1.4,73.6
粉丝,338,0.8,0.2,83.7
豌豆粉丝,368,0.4,Tr,91.7
粉条,338,0.5,0.1,84.2
魔芋粉（宅福艺）,299,0,0,73.6
紫薯,120,1.6,0.2,28
黄豆[大豆],390,35,16,34.2
黑豆[黑大豆](干),401,36,15.9,33.6
青豆[青大豆](干),398,34.5,16,35.4
黄豆,407,33.1,15.9,37.3
黄豆粉,432,32.7,18.3,37.6
豆腐花[豆腐粉],401,10,2.6,84.3
豆浆粉,426,19.7,9.4,66.8
豆奶粉(维维牌),421,19.4,9.4,65.2
豆奶粉(多力牌),405,12.3,6.5,76.4
豆奶粉(大磨牌),432,27.4,13,51.6
豆腐（代表值）,84,6.6,5.3,3.4
豆腐(内酯),50,5,1.9,3.3
豆腐脑[老豆腐],15,1.9,0.8,0
豆腐(北豆腐),116,9.2,8.1,3
豆腐(南豆腐),87,5.7,5.8,3.9
豆奶[豆乳],30,2.4,1.5,1.8
豆汁(生),10,0.9,0.1,1.4
酸豆奶,67,2.2,1.2,11.8
豆浆,31,3,1.6,1.2
豆浆(甜),34,2.4,0.5,4.9
豆腐丝,203,21.5,10.5,6.2
豆腐丝(干),451,57.7,22.8,3.7
豆腐丝(油),304,24.2,17.1,14.5
豆腐卷,203,17.9,11.6,7.2
油豆腐,245,17,17.6,4.9
腐竹,461,44.6,21.7,22.3
枝竹,478,44.4,24.7,20.8
千张[百页],262,24.5,16,5.5
豆腐干(代表值),197,14.9,11.3,9.6
豆腐干(菜干),137,13.4,7.1,5
豆腐干(臭干),99,10.2,4.6,4.5
豆腐干(酱油干),157,14.9,9.1,4
豆腐干(卤干),339,14.5,16.7,33.4
豆腐干(蒲包干),135,12.1,5.7,8.9
豆腐干(香干),152,15.8,7.8,5.1
豆腐干(小香干),174,17.9,9.1,5.4
豆腐干(熏干),154,15.8,6.2,8.8
豆肝尖,203,17.2,12,9.4
素大肠,155,18.1,3.6,13
素火腿,213,19.1,13.2,4.8
素鸡,194,16.5,12.5,4.2
素鸡丝卷,197,11.2,13.7,10.1
素什锦,177,14,10.2,8.3
炸素虾,582,27.6,44.4,19.3
烤麸,121,20.4,0.3,9.3
豆腐皮,447,51.6,23,12.5
腐竹（广西）,485,54.2,27.2,8.1
豆腐干,427,19.6,35.2,11.4
千页豆腐（安井）,89,11,3.6,3
鱼豆腐（安井）,133,11.3,4.8,11.1
腐竹（泡发）,201,19.4,9.4,9.7
广西腐竹（泡发）,211,23.6,11.8,3.5
绿豆(干),329,21.6,0.8,62
绿豆面,341,20.8,0.7,65.8
绿豆饼[饼折],122,15.2,1.2,12.7
赤小豆[小豆，红小豆](干),324,20.2,0.6,63.4
小豆粥,62,1.2,0.4,13.7
红豆沙（去皮）,244,4.5,0.1,57.1
红豆馅,261,4.5,0.2,61.7
花豆(干，红),328,19.1,1.3,62.7
花豆(干，紫),330,17.2,1.4,65.8
芸豆(干，白),315,23.4,1.4,57.2
芸豆(干，红),331,21.4,1.3,62.5
芸豆(干，虎皮),341,22.5,0.9,62.5
芸豆(干，杂，带皮),327,22.4,0.6,63.3
蚕豆(干),338,21.6,1,61.5
蚕豆(带皮),326,24.6,1.1,59.9
蚕豆(去皮),347,25.4,1.6,58.9
马牙大豆(干),338,27.2,0.9,59.4
脑豆(干),363,23.4,3.8,59.6
蚕豆(烤),377,27,2,63.8
蚕豆(炸)[开花豆],447,26.7,20,40.4
蚕豆(煮),62,4.8,0.5,10.1
扁豆(干),339,25.3,0.4,61.9
扁豆(干，白),283,19,1.3,55.6
眉豆[饭豇豆](干),334,18.6,1.1,65.6
豇豆(干),336,19.3,1.2,65.6
豇豆(干，紫),329,18.9,0.4,65.8
豇豆(煮),133,9.5,0.6,24
豌豆(干),334,20.3,1.1,65.8
豌豆(花),336,21.6,1,63.6
豌豆(煮),107,8.9,0.3,19.2
鹰嘴豆[桃豆],340,21.2,4.2,60.1
荆豆(干),407,43.6,14.3,28.5
木豆[扭豆，豆蓉](干),348,19.8,4.5,58.8
红腰豆,74,5,0,12.5
白萝卜(鲜）[莱菔],16,0.7,0.1,4
卞萝卜[红皮萝卜],18,0.8,0.1,4.2
红旦旦萝卜[樱桃萝卜，小水萝卜],19,0.8,Tr,4.3
红萝卜[卞萝卜],22,1,0.1,4.6
红心萝卜[心里美],41,1.2,Tr,9.8
花叶萝卜,48,1.2,0.1,11.5
水萝卜[脆萝卜],22,0.8,Tr,5.5
小水萝卜[算盘子，红皮萝卜],21,1.1,0.2,4.2
红心萝卜[心里美],23,0.8,0.2,4.9
白萝卜（圆）,16,0.7,0.2,3.6
青萝卜,29,1.2,0.2,6.9
樱桃萝卜,12,0.9,0.1,3
胡萝卜(红)[金笋，丁香萝卜],39,1,0.2,8.8
胡萝卜(黄),46,1.4,0.2,10.2
胡萝卜(脱水),333,4.2,1.9,77.9
胡萝卜,32,1,0.2,8.1
芥菜头[大头菜，水芥],36,1.9,0.2,7.4
苤蓝[玉蔓菁，球茎甘蓝，大头菜],32,1.3,0.2,7
甜菜根（鲜）[甜菜头，糖萝卜],87,1,0.1,23.5
根茎[根洋茎，球根塘蒿],38,2.2,0.1,10
紫菜头,42,1.8,0.2,10.6
牛蒡根,58,1.8,0.1,15.4
牛蒡根（煮）,50,1.5,0.2,13.7
迷你胡萝卜,26,0.7,0.2,7.5
冷冻胡萝卜,13,0.5,0.1,3
芥末根US,109,4.8,0.6,23.5
扁豆[月亮菜],41,2.7,0.2,8.2
蚕豆（鲜）,111,8.8,0.4,19.5
刀豆（鲜）,40,3.1,0.3,7
豆角,34,2.5,0.2,6.7
豆角(鲜，白),35,2.2,0.2,7.4
荷兰豆,30,2.5,0.3,4.9
龙豆（鲜）,36,3.7,0.5,5
龙牙豆（鲜）[玉豆],19,2.6,0.2,2.4
毛豆（鲜）[青豆，菜用大豆],131,13.1,5,10.5
四季豆[菜豆],31,2,0.4,5.7
"豌豆(带荚,鲜)[回回豆]",111,7.4,0.3,21.2
豌豆尖（发芽豌豆）,225,3.1,Tr,53.9
油豆角（鲜）[多花菜豆],25,2.4,0.3,3.9
垅船豆（鲜）,36,2,0.4,6.8
芸豆（鲜）,30,0.8,0.1,7.4
豇豆(长),32,2.7,0.2,5.8
扁豆,32,2.3,0.2,7.4
豇豆,32,2.2,0.3,7.3
四季豆[菜豆，芸豆],24,2,0.2,6
四棱豆[杨桃豆，翅豆],19,2,0.2,4.2
甜脆荷兰豆[甜豆],32,3,0.3,8.1
发芽豆,131,12.4,0.7,19.4
黄豆芽,47,4.5,1.6,4.5
黄豆芽,39,4.4,1.6,3.6
绿豆芽,16,1.7,0.1,2.6
黑豆苗,30,4.4,0.8,2.6
豌豆苗,32,4.8,0.8,2.6
青豌豆（冷冻）,80,5.8,0.7,17.1
黑豆芽,17,2.2,0,2.8
蚕豆（带荚）,111,8.8,0.4,19.5
蚕豆（去荚）,111,8.8,0.4,19.5
毛豆（带荚）,131,13.1,5,10.5
毛豆（去荚）,131,13.1,5,10.5
豌豆（带荚）,111,7.4,0.3,21.2
豌豆（鲜）,111,7.4,0.3,21.2
茄子(代表值),23,1.1,0.2,4.9
茄子(绿皮),28,1,0.6,5.2
茄子(圆),32,1.6,0.2,6.7
番茄(整个，罐头),22,2,0.6,2.6
奶柿子[西红柿],14,0.6,0.1,3.2
辣椒(红，尖，干),295,15,12,52.7
辣椒(红，小),38,1.3,0.4,8.9
甜椒(脱水),324,7.6,0.4,76.6
葫子,29,0.7,0.1,6.8
茄子（白皮，长）,21,1.3,0.1,5.5
茄子（紫皮，长）,18,1.1,0.1,4.8
茄子（紫皮，圆）,23,0.8,0.2,5.3
香瓜茄,21,0.6,Tr,5.5
番茄[西红柿],15,0.9,0.2,3.3
樱桃番茄[小西红柿],25,1,0.2,5.8
辣椒（小红尖辣椒）,62,4.1,0.4,17.7
辣椒（小红尖辣椒，干）,298,15.4,12,57.4
辣椒(青，尖),22,0.8,0.3,5.2
甜椒[灯笼椒，柿子椒],18,1,0.2,3.8
彩椒,26,1.3,0.2,6.4
秋葵[黄秋葵，羊角豆],25,1.8,0.2,6.2
白瓜,12,0.9,—,2.6
菜瓜[生瓜，白瓜],19,0.6,0.2,3.9
方瓜,14,0.8,Tr,3.1
佛手瓜[棒瓜，菜肴梨],18,1.2,0.1,3.8
葫芦[长瓜，蒲瓜，瓠瓜],16,0.7,0.1,3.5
葫芦条(干),256,4.3,1.8,64.6
黄瓜（鲜）[胡瓜],16,0.8,0.2,2.9
节瓜[毛瓜],14,0.6,0.1,3.4
金瓜,15,0.5,0.1,3.4
金丝瓜[裸瓣瓜],38,3.3,2,2.2
苦瓜[凉瓜，癞瓜],22,1,0.1,4.9
南瓜[倭瓜，番瓜],23,0.7,0.1,5.3
南瓜粉,343,7.1,2.1,79.6
蛇瓜[蛇豆，大豆角],18,1.5,0.1,3.9
笋瓜[生瓜],13,0.5,—,3.1
西葫芦,19,0.8,0.2,3.8
面西胡瓜,10,0.8,Tr,1.8
小西胡瓜,22,0.7,0.1,4.8
冬瓜,10,0.3,0.2,2.4
飞碟瓜,18,1,0.1,4.4
黄金西葫芦,17,1.8,0.1,3.6
黄茎瓜[小南瓜],19,1.2,0.9,2
迷你黄瓜[荷兰乳黄瓜],14,1,0.2,2.5
秋黄瓜[旱黄瓜],14,0.9,0.2,2.5
南瓜（栗面）,36,1.4,0.1,8.8
丝瓜,20,1.3,0.2,4
青柿子椒,20,0.9,0.2,5.1
红柿子椒,28,1,0.2,7.2
橙柿子椒,19,0.9,0.3,4.2
黄柿子椒,28,0.8,0.2,6.6
番茄椒,33,1,0.2,7.5
桃太郎西红柿,17,0.7,0,4
黄西红柿,23,0.9,0,5.3
黑番茄,23,0.4,0.1,5.6
绿番茄,25,0.9,0.1,5.4
圣女果,34,1.1,0.5,6.9
樱桃小西红柿,34,0.9,0.1,8.1
黄金小蕃茄,31,0.8,0.2,6.8
金女小番茄,30,1.1,0.1,6.6
黄金圣女果,31,1,0.1,7
橙蕃茄,32,1.2,0.2,7
美国绿辣椒US,40,2,0.2,9.5
墨西哥辣椒US,29,0.9,0.4,6.5
美国红辣椒US,40,1.9,0.4,8.8
绿番茄US,23,1.2,0.2,5.1
金瓜（带瓤带皮）,15,0.5,0.1,3.4
金瓜（去瓤去皮）,15,0.5,0.1,3.4
西葫芦（带瓤）,19,0.8,0.2,3.8
西葫芦（去瓤）,19,0.8,0.2,3.8
南瓜（带瓤带皮）,36,1.4,0.1,8.8
南瓜（去瓤去皮）,36,1.4,0.1,8.8
大蒜（白皮，鲜）[蒜头],128,4.5,0.2,27.6
大蒜(脱水),348,13.2,0.3,75.4
大蒜（紫皮，鲜）[蒜头],139,5.2,0.2,29.6
青蒜（青葱）,34,2.4,0.3,6.2
蒜黄（黄色）,24,2.5,0.2,3.8
蒜苗（绿色，青蒜）,40,2.1,0.4,8
蒜薹（圆）,66,2,0.1,15.4
大葱(红皮),49,2.4,0.1,10.2
分葱[四季葱，菜葱],34,2.2,0.7,5.1
葱（小葱，鲜）,27,1.6,0.4,4.9
大葱,28,1.6,0.3,5.8
细香葱[香葱，四季葱],28,1.4,0.3,6.6
洋葱（鲜）[葱头],40,1.1,0.2,9
洋葱(白皮，脱水),342,5.5,0.4,81.9
洋葱(紫皮，脱水),339,6.9,0.4,80.6
韭黄（韭芽，黄色）,24,2.3,0.2,3.9
韭薹,37,2.2,0.1,7.8
韭菜,25,2.4,0.4,4.5
薤[皎头],1,—,—,—
薤白(鲜）[小根蒜，山蒜，团蒜],124,3.4,0.4,27.1
黄洋葱（炒）,208,3.2,6.8,34.1
红洋葱,34,0.9,0.1,9
大蒜（带皮）,128,4.5,0.2,27.6
大蒜（去皮）,128,4.5,0.2,27.6
蒜薹（带帽）,66,2,0.1,15.4
蒜薹（去帽）,66,2,0.1,15.4
大葱（带皮）,49,2.4,0.1,10.2
大葱（去皮）,49,2.4,0.1,10.2
大白菜(代表值),20,1.6,0.2,3.4
大白菜(白梗)[黄芽白],22,1.7,0.2,3.7
大白菜(青白口),17,1.4,0.1,3
大白菜(小白口),16,1.3,0.1,2.8
白菜(脱水),305,6.2,0.8,72.9
白菜薹[菜薹，菜心],28,2.8,0.5,4
红菜薹[紫菜薹],43,2.9,2.5,2.7
瓢儿白[瓢儿菜],18,1.7,0.2,3.2
乌菜[乌塌菜，塌棵菜],28,2.6,0.4,4.2
油菜(黑),19,1.8,0.2,2.9
油菜(脱水),316,7.6,0.6,74.3
油菜(小),12,1.3,0.2,1.6
油菜薹[菜薹],24,3.2,0.4,3
大白菜（白口),14,1,0.1,2.9
大白菜（青口）,12,1.1,0.1,2.6
酸白菜[酸菜],10,0.7,0.2,2.6
小白菜,14,1.4,0.3,2.4
奶白菜,21,2.7,0.2,3.3
鸡毛菜,19,2.7,0.2,2.6
娃娃菜,13,1.9,0.2,2.4
乌塌菜[塌菜，塌棵菜],13,1.8,0.1,2.6
油菜,14,1.3,0.5,2
油菜心,15,1.3,0.4,2.7
圆白菜[卷心菜],24,1.5,0.2,4.6
菜花(脱水)[脱水花椰菜],312,6.5,0.6,76.8
芥菜（鲜）[雪里红，雪菜],27,2,0.4,4.7
芥菜(大叶，鲜)[盖菜],16,1.8,0.4,2
芥菜(茎用，鲜)[青头菜],13,1.3,0.2,2.8
芥菜(小叶，鲜)[小芥菜],26,2.5,0.4,3.6
结球甘蓝（绿）[圆白菜],17,0.9,0.2,4
结球甘蓝（紫）[圆白菜],25,1.2,0.2,6.2
抱子甘蓝[小圆白菜],36,3.5,0.2,8.8
羽衣甘蓝,69,5,0.4,5.7
盖菜,13,1.5,0.2,2.8
芥蓝[甘蓝菜，盖蓝菜],24,3.1,0.3,4.1
菜花（白色）[花椰菜],20,1.7,0.2,4.2
西兰花[绿菜花],27,3.5,0.6,3.7
菠菜（鲜）[赤根菜],28,2.6,0.3,4.5
菠菜(脱水),308,6.4,0.6,75.7
冬寒菜（鲜）[冬苋菜，冬葵],34,3.9,0.4,4.9
胡萝卜缨(红，鲜),48,1.7,0.4,11.3
苦菜[节节花，拒马菜],46,2.8,0.6,10
萝卜缨(白),17,2.6,0.3,1.7
萝卜缨(青),38,3.1,0.1,7.6
萝卜缨(小萝卜),23,1.6,0.3,4.1
落葵[木耳菜，软浆菜],23,1.6,0.3,4.3
芹菜茎,22,1.2,0.2,4.5
芹菜叶（鲜）,35,2.6,0.6,5.9
甜菜叶（鲜）,22,1.8,0.1,4
香菜（鲜）[芫荽],33,1.8,0.4,6.2
香菜(脱水),310,7.4,1.3,71.2
苋菜(绿，鲜),30,2.8,0.3,5
苋菜(紫，鲜)[红苋],35,2.8,0.4,5.9
茼蒿（鲜）[蓬蒿菜，艾菜],24,1.9,0.3,3.9
茴香（鲜）[小茴香],27,2.5,0.4,4.2
荠菜（鲜）[蓟菜，菱角菜],31,2.9,0.4,4.7
莴笋（鲜）[莴苣],15,1,0.1,2.8
番杏[新西兰菠菜，夏菠菜],15,1.8,0.1,3.1
樱桃萝卜缨,14,2,0.1,2.7
白凤菜,16,1.6,0.2,4
紫背天葵[红风菜，血皮菜],18,1.9,—,3.8
芹菜(茎)[旱芹，药芹],13,0.4,0.2,3.1
西芹[西洋芹菜，美芹],17,0.6,0.1,4.8
生菜(叶用莴苣),12,1.6,0.4,1.1
油麦菜,12,1.1,0.4,2.1
叶甜菜（白梗）,13,1.6,0.1,2.8
莴笋叶[莴苣叶],15,1,0.2,2.9
蕹菜[空心菜，藤藤菜],19,2.2,0.2,4
观达菜[根达菜，牛皮菜],23,1.9,0.3,4.5
球茎茴香[甜茴香、意大利茴香],17,1.2,Tr,4.7
竹笋（鲜）,23,2.6,0.2,3.6
白笋(干),282,26,4,57.1
鞭笋（鲜）[马鞭笋],24,2.6,Tr,6.7
春笋（鲜）,25,2.4,0.1,5.1
冬笋（鲜）,42,4.1,0.1,6.5
黑笋(干),268,17.6,2.4,57.5
毛笋（鲜）[毛竹笋],23,2.2,0.2,3.8
玉兰片,66,2.6,0.4,18.6
百合（鲜）,166,3.2,0.1,38.8
百合(脱水),346,8.1,0.1,79.1
金针菜（鲜）[黄花菜],214,19.4,1.4,34.9
菊苣,19,1.3,0.2,3.4
芦笋（绿）[石刁柏，龙须菜],19,2.6,0.1,3.3
芦笋（紫）,22,2.7,0.2,3.4
结球菊苣（红）,17,1.8,0.2,3.4
软化白菊苣,17,1.5,0.2,3.1
穿心莲,17,1.7,—,2.5
红薯叶,27,3.1,Tr,5.1
南瓜藤,17,1.7,0,3.2
三七尖,21,2.3,0.2,4
棠梨花,58,3.5,0.8,9.1
洋丝瓜苗,29,4.4,0.3,2.2
芦荟叶,3,0,0.1,0.7
菊花花瓣,25,1.4,0,6.5
菊花花瓣（煮）,21,1,0,5.7
香芹（茎叶）,16,1.1,0.4,3.5
芋茎,15,0.5,0,4.1
芋茎（煮）,10,0.4,0,3.1
萝卜苗（芽）,21,2.1,0.5,3.3
萝卜叶,17,2,0.2,3.3
白菜苗（叶）,19,1.9,0.3,3.6
白菜（叶）,15,0.9,0.1,3.5
欧芹（叶）,34,4,0.7,7.8
花椰菜苗,34,3.6,0.5,5.4
厚皮菜（叶）,17,2,0.1,3.7
厚皮菜（叶，烫）,26,2.8,0.1,5.4
三叶芹（叶）,16,1,0.1,4
三叶芹（叶，烫）,12,0.9,0.1,3.3
九层塔（茎叶）,36,4.8,0.5,6.3
九层塔（茎叶，烫）,24,3,0.4,4
芝麻菜（叶）,17,1.9,0.4,3.1
波士顿生菜（叶）,10,1,0.2,2.7
紫叶生菜（叶）,15,1.2,0.2,3.2
散叶生菜（叶）,14,1.2,0.4,2.5
罗马生菜（叶）,16,1.2,0.2,3.4
白芦笋,25,1.8,0.2,4.9
芦笋花,21,2.9,0.3,2.7
小麦苗,34,3.3,0.5,5.5
丝瓜花,31,3.9,0.3,4.8
荞麦芽,20,1.9,0.2,3.4
薄荷（鲜）,55,3.1,0.6,10.9
薄荷（鲜）US,70,3.8,0.9,14.9
卷心菜（红）US,31,1.4,0.2,7.4
莲子（鲜）US,89,4.1,0.5,17.3
迷迭香US,131,3.3,5.9,20.7
竹笋（带壳）,23,2.6,0.2,3.6
竹笋（去壳）,23,2.6,0.2,3.6
白笋（水发）,31,2.9,0.4,6.3
鞭笋（带壳）,24,2.6,Tr,6.7
鞭笋（去壳）,24,2.6,Tr,6.7
春笋（带壳）,25,2.4,0.1,5.1
春笋（去壳）,25,2.4,0.1,5.1
冬笋（带壳）,42,4.1,0.1,6.5
冬笋（去壳）,42,4.1,0.1,6.5
黑笋（水发）,31,2.1,0.3,6.7
豌豆尖（嫩茎叶）,22,3.5,0.2,1.3
慈菇（鲜）[乌芋，白地果],97,4.6,0.2,19.9
豆瓣菜（鲜）[西洋菜，水田芥],20,2.9,0.5,1.5
菱角(老，鲜)[龙角],101,4.5,0.1,21.4
蒲菜（鲜）[香蒲，甘蒲，野茭白],14,1.2,0.1,2.4
水芹菜,13,1.4,0.2,1.8
茭白（鲜）[茭笋，茭粑],26,1.2,0.2,5.9
荸荠（鲜）[马蹄，地栗],61,1.2,0.2,14.2
莼菜(瓶装)[花案菜],21,1.4,0.1,3.8
藕[莲藕],47,1.2,0.2,11.5
红菱,165,5.7,0.3,40.9
慈姑（块茎）,128,6.3,0.1,26.6
慈姑（块茎，煮）,129,6.2,0.1,27.2
京都水菜（叶）,25,2.9,0.1,4.7
京都水菜（盐渍）,34,4.9,0,5.7
慈姑（带皮）,97,4.6,0.2,19.9
慈姑（去皮）,97,4.6,0.2,19.9
菱角（带壳）,101,4.5,0.1,21.4
菱角（去壳）,101,4.5,0.1,21.4
蒲白,14,1.2,0.1,2.4
茭白（带皮）,26,1.2,0.2,5.9
茭白（去皮）,26,1.2,0.2,5.9
马蹄（带皮）,61,1.2,0.2,14.2
马蹄（去皮）,61,1.2,0.2,14.2
莲藕（带皮）,47,1.2,0.2,11.5
莲藕（去皮）,47,1.2,0.2,11.5
红菱果/红菱肉,165,5.7,0.3,40.9
大薯（鲜）[参薯],108,2.1,0.2,24.9
豆薯（鲜）[凉薯，地瓜，沙葛],56,0.9,0.1,13.4
葛（鲜）[葛署，粉葛],150,2.2,0.2,36.1
山药[薯蓣，大薯],57,1.9,0.2,12.4
山药(干),327,9.4,1,70.8
槟榔芋,90,3,0.1,19.7
芋头[芋艿，毛芋],56,1.3,0.2,12.7
芋头（煮）,60,2.9,0.1,13
姜[黄姜],46,1.3,0.6,10.3
姜(干),308,9.1,5.7,64
姜(子姜)[嫩姜],21,0.7,0.6,3.7
洋姜[菊芋，鬼子姜],64,2.4,Tr,15.8
阳荷（花穗）,11,0.9,0.1,2.6
阳荷（茎叶）,6,0.4,0.1,1.5
山药蛋,87,2.9,0.2,20.6
草石蚕,75,1.7,0,18
山药（带皮）,57,1.9,0.2,12.4
山药（去皮）,57,1.9,0.2,12.4
芋头（带皮）,56,1.3,0.2,12.7
芋头（去皮）,56,1.3,0.2,12.7
子姜（带皮）,21,0.7,0.6,3.7
子姜（去皮）,21,0.7,0.6,3.7
艾蒿,—,—,—,3.6
白花菜,—,—,—,0
白花桔梗,—,—,—,—
白沙蒿（鲜）[沙蒿],56,4.3,0.9,8.5
白沙蒿籽[沙蒿籽],412,27.9,15.1,41
白薯叶[甘薯叶],60,4.8,0.7,9
百里香,—,—,—,—
败酱[胭脂麻],69,1.5,1,17.3
扁蓄菜[竹节草],75,6,0.6,12.4
朝鲜蓟,54,2.7,0.2,10.9
刺儿菜[小蓟，蓟蓟菜],42,4.5,0.4,5.9
刺楸,—,—,—,—
达乌里胡枝子[牛枝子，豆豆苗],117,7,1,23.1
达乌里胡枝子籽[牛枝子籽，豆豆苗籽],367,36.8,8.3,41.7
大玻璃草叶[大车前],49,4.4,0.3,8.8
大巢菜[野苕子，野豌豆],63,3.8,0.5,13.6
大蓟叶[飞廉叶],38,1.5,1.4,5.5
地肤[益明，扫帚苗],65,5.2,0.8,10.4
地笋[地古牛，地瓜儿苗叶],69,4.3,0.7,13.7
豆腐柴,—,—,—,—
独行菜,19,2,—,—
独行菜(宽),—,—,—,—
胡枝子[山豆子],138,5.3,2.2,29.6
槐花[洋槐花，豆槐花],82,3.1,0.7,17
黄麻叶,42,4.7,0.3,5.8
碱蓬[棉蓬，猪毛菜],33,2.8,0.3,5.2
苦苦菜,42,2.5,0.9,6.8
轮叶党参,—,—,—,—
罗勒[兰香],26,3.8,/,4.6
马齿苋[长寿菜，瓜子菜],28,2.3,0.5,3.9
马兰头[马兰，鸡儿肠，路边菊],28,2.4,0.4,4.6
麦瓶草[米瓦罐],38,4.5,0.5,4.4
牛至,/,/,/,/
牛蒡叶,42,4.7,0.8,5.1
爬景天[石头菜],21,0.6,0.7,3.5
喷瓜,—,—,—,—
婆罗门参(白),—,—,—,—
婆罗门参(黑)[鸦葱],—,—,0.1,—
蒲公英叶[黄花苗叶，孛孛丁叶],53,4.8,1.1,7
掐不齐[鸡眼草，牛黄草],110,6.1,1.4,23.6
清明菜[鼠曲菜],49,3.1,0.6,8.9
沙参叶[白参],93,0.8,1.6,21.6
沙蓬子[沙米],349,21.5,8.1,50.6
山苦荬叶[启明菜叶],33,2.2,0.4,5.6
食用大黄,9,1.6,/,1.5
食用黄麻,22,0.9,0.1,—
酸模,17,1.7,0.2,—
汤菜,24,1.8,0.5,3.4
土三七[景天三七],48,2.1,0.7,9
歪头菜(鲜)[草豆，二叶萩],74,2.5,0.3,17.9
梧桐子[瓢儿果],560,23.6,38.8,30.1
夏枯草[铁色草],63,2.5,0.7,12.7
香椿[香椿芽],50,1.7,0.4,10.9
香茅,17,1.7,0.2,—
小旋花[狗儿蔓],60,/,0.5,15.4
鸭跖草[竹叶菜，淡竹叶],34,2.8,0.3,5.7
野葱[沙葱，麦葱],36,2.7,0.2,6.7
野韭菜[山韭],44,3.7,0.9,7.2
野菊,46,3.2,0.5,9
野蒜[小蒜，野葱],34,1,0.4,7.7
野苋菜[假苋菜],62,5.5,0.6,9.5
茵陈蒿[茵陈],65,5.6,0.4,12
榆钱,45,4.8,0.4,7.6
珍珠花菜,17,1.7,0.2,—
紫花桔梗,22,0.9,0.1,—
紫萼香茶菜,17,1.7,0.2,—
苣荬菜(尖叶)[取荬菜，苦麻子],19,2,0,—
苜蓿籽[紫苜蓿籽],359,36.4,8.7,39.9
茴芹,22,0.9,0.1,17
荞菜[野荞],13,0.7,0.2,2.7
蒌蒿,57,3.7,0.7,9
蕨菜[龙头菜，如意菜],42,1.6,0.4,9
蕨菜(脱水),302,6.6,0.9,79.7
蕨麻[鹅绒委陵菜],357,12.6,1.4,75
枸杞菜[枸杞，地骨],47,5.6,1.1,4.5
酢浆草[酸酸草，酸溜溜],66,3.1,0.5,12.4
苦苣菜[苦菜、天精菜],32,3.1,0.6,4.5
苜蓿[草头，金花菜],35,5,0.7,2.9
鱼腥草[蕺菜，臭菜],32,2.1,0.1,10.7
鱼腥草(根),63,2.1,0.1,19.5
刺五加尖,69,4.8,1,10.2
枸杞叶,34,3,1.3,5.3
灰灰菜(干，藜),312,18.3,1.5,56.2
荆芥,26,2.6,—,4.3
楤芽（嫩芽）,27,4.2,0.2,4.3
楤芽（嫩芽，煮）,27,4,0.2,4.1
艾草（叶）,43,5.2,0.3,8.7
艾草（叶，烫）,37,4.8,0.1,8.2
明日叶,57,1.4,0.8,11.9
藤三七,21,1.6,0.5,3.2
草菇[大黑头细花草],27,2.7,0.2,4.3
大红菇(干)[草质红菇],263,24.4,2.8,50.9
地衣(水浸),10,1.5,Tr,1.8
冬菇（干）[毛柄金线菌金针菇],277,17.8,1.3,64.6
猴头菇(罐装),21,2,0.2,4.9
黄蘑(干),203,16.4,1.5,40.1
黄蘑(水发),30,4.3,0.4,4.8
金针菇[(鲜)[智力菇],32,2.4,0.4,6
金针菇(罐装),26,1,Tr,6.7
口蘑(白蘑)(干),277,38.7,3.3,31.6
蘑菇(鲜蘑),24,2.7,0.1,4.1
木耳(干)[黑木耳，云耳],265,12.1,1.5,65.6
木耳(水发)[黑木耳，云耳],27,1.5,0.2,6
平菇[糙皮侧耳，青蘑],24,1.9,0.3,4.6
普中红蘑(干）,263,18.4,0.7,58.1
双孢蘑菇[洋蘑菇],26,4.2,0.1,2.7
松蘑(干)[松口蘑，松茸],207,20.3,3.2,48.2
香菇(鲜)[香蕈，冬菇],26,2.2,0.3,5.2
香菇(干)[香蕈，冬菇],274,20,1.2,61.7
香杏丁蘑(干，大),257,22.4,0.2,53.9
香杏片口蘑(干),252,33.4,1.5,37.6
羊肚菌(干)[干狼肚],321,26.9,7.1,43.7
银耳(干)[白木耳],261,10,1.4,67.3
珍珠白蘑(干),258,18.3,0.7,56.3
榛蘑(半干)[假蜜环菌],178,9.5,3.7,31.9
榛蘑(水发),53,2.8,1.1,9.4
白蘑菇[双孢蘑菇、洋蘑菇],29,3.5,0.4,3.8
北风菌[荷叶离褶伞、一窝羊],17,1.7,0.1,2.9
草菇[大黑头细花草、稻菇],18,1.1,0.4,3.1
茶树菇(干)[柱状田头菇、油茶菇],309,23.1,2.6,56.1
干巴菌,38,3.8,0.4,8
红奶浆菌[多汁乳菇、谷熟菌],18,1.5,0.4,3.3
黄蘑(干),284,24.6,6.4,46.9
黄伞菇(干)[多脂鳞伞、黄丝菌],294,22.8,3.2,57.5
鸡腿菇(干)[毛头鬼伞],294,26.7,2,51.8
鸡油菌[黄丝菌、杏菌],26,2,0.3,5.1
鸡枞[蚁枞、伞把菇、鸡枞菌],19,2.5,0.2,2.5
鸡枞(干),297,32.8,3.7,44.8
鸡枞(油炸)[油鸡枞],646,4.8,66.3,10.2
鸡枞花,18,2.3,0.3,1.8
牛肝菌(白)[美味牛肝菌],35,4,0.4,4.5
牛肝菌(白、干)[美味牛肝菌],296,27.8,1.6,53.3
牛肝菌(黑)[铜色牛肝菌],32,3.6,0.2,4.8
牛肝菌（黄皮牛肝菌，鲜)[黄皮疣柄牛肝菌、黄癞头],32,4.3,0.1,5.3
乳牛肝菌(干)[粘盖牛肝菌、松树菌],264,15.3,2.8,66
牛眼睛菌(鲜）[马勃菌],41,5.1,0.3,6.6
平菇[糙皮侧耳、青蘑],17,1.7,0.1,3.2
青头菌[变绿红菇、绿菇],20,2.7,0.1,3.1
松蘑(干)[松茸、松口蘑],273,12.5,3,66.5
杏鲍菇,35,1.3,0.1,8.3
血红菇(干),313,22.4,6.7,56
元蘑(干)[亚侧耳、冬蘑、黄蘑],245,12.3,1.5,70.3
竹荪(干)[竹笙、竹参],248,17.8,3.1,60.3
榛蘑(干)[小蜜环菌],329,17.7,10.8,54.6
蛹虫草（干）,302,23.7,Tr,60.9
白毛木耳（鲜）,45,1.2,0.1,10.6
白精灵菇（鲜）,36,2.1,0.4,6.9
柳松菇（鲜）,36,3.7,0.3,6.0
干柳松菇,286,23.5,1.9,53.5
花菇（鲜）,52,3.6,0.1,10.7
干花菇,317,17.0,1.1,67.4
干白花菇,310,18.7,1.1,64.5
干钮扣菇,325,24.6,2.7,60.9
姬松茸（鲜）,40,4.0,0.4,6.9
干姬松茸,294,34.0,2.7,46.7
秀珍菇（鲜）,28,3.3,0.1,4.6
天喜菇（鲜）,26,4.5,0.5,2.5
白蚝菇（鲜）,33,2.2,0.3,6.4
玫瑰菇（鲜）,35,4.5,0.1,5.6
杏香菇（鲜）,26,2.7,0.1,4.6
珊瑚菇（鲜）,33,4.0,0.2,5.2
蚝菇（鲜）,26,2.1,0.3,4.8
鲍鱼菇（鲜）,22,1.7,0.2,4.0
华翠菇（鲜）,29,2.5,0.2,5.1
滑菇（鲜）,27,2.6,0.2,4.7
舞菇（鲜）,28,1.4,0.1,5.8
鸿喜菇（鲜）,30,2.9,0.1,5.3
美白菇（鲜）,27,2.4,0.3,4.8
白茯苓，干,316,1.0,0.2,79.9
猴头菇（鲜）,30,2.1,0.2,5.9
干猴头菇,311,12.3,3.4,64.3
松茸白菇（鲜）,38,5.1,0.5,5.3
金喜菇（鲜）,39,2.7,0.2,7.7
喜来菇（鲜）,37,3.5,0.4,6.3
富珍茸（鲜）,37,3.0,0.4,6.8
褐菇US,22,2.5,0.1,4.3
秀珍菇US,33,3.3,0.4,6.1
鸡腿菇【毛头鬼伞】,294,26.7,2,51.8
红菇（水发）,31,2.9,0.3,6
冬菇（水发）,32,2,0.1,7.4
子姜（带皮）,21,0.7,0.6,3.7
子姜（去皮）,21,0.7,0.6,3.7
银耳（水发）,31,1.2,0.2,7.9
茶树菇（水发）,35,2.6,0.3,6.4
松蘑（水发）,31,1.4,0.3,7.4
发菜(干)[仙菜],259,20.2,0.5,60.8
海带[江白菜](鲜),13,1.2,0.1,2.1
海带[江白菜，昆布],90,1.8,0.1,23.4
海带(浸)[江白菜，昆布],16,1.1,0.1,3
海冻菜[石花菜，冻菜](干),314,5.4,0.1,72.9
琼脂[紫菜胶洋粉],311,1.1,0.2,76.3
苔菜(干)[苔条，条浒苔],167,19,0.4,26.3
紫菜(干),250,26.7,1.1,44.1
螺旋藻(干),358,64.7,3.1,18.2
裙带菜(干)[海芥菜、海木耳],219,25,1.7,41.5
海带菜（鲜，姑香牌),112,1.4,7.5,15.3
麒麟菜,41,1.0,0.0,9.9
干海茸芯,254,8.4,0.2,59.1
海带卷（生）,14,0.7,0.2,2.8
海带茸（生）,29,1.1,0.0,6.5
海带梗（生）,14,0.4,0.0,3.2
海带结（生）,17,0.8,0.1,3.6
凤尾藻（干）,213,11.7,1.3,43.9
紫菜（水发）,36,3.8,0.2,6.3
裙带菜（水发）,97,11,0.7,18.3
苹果(代表值),53,0.4,0.2,13.7
伏苹果,48,0.5,0.1,11.8
国光苹果,56,0.3,0.3,13.3
旱苹果,34,0.4,0.2,8.4
红富士苹果,49,0.7,0.4,11.7
红香蕉苹果,51,0.4,0.2,12.3
红星苹果,58,0.4,0.1,14.3
红玉苹果,52,0.2,0.2,14.7
红元帅苹果,60,0.2,0.4,14.3
黄香蕉苹果,53,0.3,0.2,13.7
黄元帅苹果,59,0.2,0.3,14.7
金元帅苹果,53,0.2,0.1,13.3
青香蕉苹果,52,0.3,0.1,13.1
秋里蒙苹果,43,0.2,0.2,11.9
香玉苹果,62,0.5,0.1,15.7
印度苹果,54,0.6,0.2,14.8
祝光苹果,50,0.4,0.1,12.5
倭锦苹果,54,0.2,0.2,13.6
苹果(罐头),41,0.2,0.2,10.3
梨(代表值),51,0.3,0.1,13.1
梨（巴梨）,51,0.4,0.2,12.9
长把梨,62,0.8,0.8,14.9
冬果梨,46,0.4,0.2,12.8
鹅黄梨,41,0.3,0.1,10.7
红肖梨,36,0.2,Tr,10.5
锦丰梨,51,0.2,0.1,13.9
京白梨,57,0.2,0.5,13.7
库尔勒梨,42,0.1,0.1,13.4
莱阳梨,54,0.3,0.2,14.1
马蹄黄梨,50,0.3,0.1,12.5
明月梨,54,0.3,0.2,13.3
木梨,32,0.4,0.1,8.2
苹果梨,53,0.2,0.1,13.9
软梨,32,0.4,0.2,11.7
苏梅梨,77,1.2,0.2,20.5
苏木梨,52,0.6,0.3,13.1
酥梨,45,0.3,0.1,11.4
酸梨,33,0.1,0.1,9.8
香梨,51,0.3,0.1,13.6
雪花梨,42,0.2,0.1,10.6
雪梨,79,0.9,0.1,20.2
鸭广梨,60,0.6,0.2,16.5
鸭梨,45,0.2,0.2,11.1
早酥梨,50,0.2,0.2,13.6
紫酥梨,51,0.3,0.1,13.3
鳄梨,171,2,15.3,7.4
冬果梨（罐头）,56,0.3,—,15.9
梨（糖水罐头）,36,0.5,0.2,8.8
红果[山里红，大山楂],102,0.5,0.6,25.1
红果（干）,251,4.3,2.2,78.4
海棠果[楸子],76,0.3,0.2,19.2
海棠(罐头),56,0.5,0.2,13.6
沙果,70,0.4,0.1,17.8
吊蛋,65,0.8,0.4,16.8
面蛋,91,1.6,0.5,21.7
酸刺,112,2.8,0.3,25.5
蛇果,59,0.1,0.2,14.9
丰水梨,36,0.5,0.1,9.4
美国鳄梨US,160,2,14.7,8.5
国光苹果（带核带皮）,56,0.3,0.3,13.3
国光苹果（去核去皮）,56,0.3,0.3,13.3
红富士苹果（带核带皮）,49,0.7,0.4,11.7
红富士苹果（去核去皮）,49,0.7,0.4,11.7
长把梨（带核带皮）,62,0.8,0.8,14.9
长把梨（去核去皮）,62,0.8,0.8,14.9
京白梨（带核带皮）,57,0.2,0.5,13.7
京白梨（去核去皮）,57,0.2,0.5,13.7
雪梨（带核带皮）,79,0.9,0.1,20.2
雪梨（去核去皮）,79,0.9,0.1,20.2
苹果（带核带皮）,53,0.4,0.2,13.7
苹果（去核去皮）,53,0.4,0.2,13.7
梨（带核带皮）,51,0.3,0.1,13.1
梨（去核去皮）,51,0.3,0.1,13.1
桃（代表值）,42,0.6,0.1,10.1
白粉桃,26,1.3,0.1,5.5
高山白桃,42,0.7,0.2,10.1
旱久保桃,48,0.9,0.1,11.3
桃（黄桃）,56,0.5,0.1,14
金红桃,28,0.7,0.1,6.6
桃（久保桃）,42,0.6,0.1,10
蒲桃,39,0.5,0.2,10.2
庆丰桃,42,0.6,0.1,10.1
晚桃(黄),41,0.7,0.2,9.6
五月鲜桃,41,0.4,0.1,10
早桃(黄),41,0.4,0.1,10.1
蜜桃,46,0.6,0.1,11
桃(糖水罐头),60,0.3,0.2,14.5
李子,38,0.7,0.2,8.7
李子杏,37,1,0.1,8.6
梅（青梅）,34,0.9,0.9,6.2
杏,38,0.9,0.1,9.1
杏(罐头),40,0.6,0.2,9.7
杏干,338,2.7,0.4,83.2
布朗,44,0.6,0.2,10.7
西梅,42,0.7,0.1,10.3
枣（鲜）,125,1.1,0.3,30.5
枣（干）,276,3.2,0.5,67.8
枣（干，大）,317,2.1,0.4,81.1
枣（金丝小枣）,308,1.2,1.1,76.7
乐陵枣,233,3.3,0.6,57.9
密云小枣,229,3.9,0.8,55.2
黑枣(无核)[乌枣],234,1.7,0.3,57.3
黑枣（有核）,246,3.7,0.5,61.4
酒枣,148,1.6,0.2,35.7
蜜枣（椰枣）,333,1.3,0.2,84.4
冬枣,113,1.8,0.2,27.8
小枣（干）,275,2.7,0.7,66.8
酸枣,300,3.5,1.5,73.3
樱桃,46,1.1,0.2,10.2
樱桃(野，白刺),304,11.4,3.9,59.8
西梅干,211,2.4,0.2,62.3
针叶樱桃（酸）,36,0.7,0.1,9
针叶樱桃（甜）,36,0.7,0.1,9
油桃,39,0.7,0.3,10.7
白桃,38,0.6,0.1,10.2
西梅,49,0.7,0.1,12.6
加州青李,47,0.6,0.2,12
翡翠李,48,0.7,0.5,11.4
香水李,36,0.7,0.3,8.8
黑李,57,0.7,0.2,14.7
水蜜桃,40,0.9,0.1,9.9
甜蜜桃,39,0.9,0.2,9.6
白油桃,37,0.6,0.1,9.3
玫瑰桃,51,1.2,0.1,12.8
福寿桃,47,0.9,0.2,11.9
莺哥桃,42,1,0.2,10.5
蟠桃,45,0.9,0.2,11.3
红皮樱桃,75,1.2,0.3,19.1
白樱桃（红黄皮）,69,0.7,0.1,18.4
乌梅,286,6.8,2.3,76.6
黄桃（带核带皮）,56,0.5,0.1,14
黄桃（去核去皮）,56,0.5,0.1,14
蜜桃（带核带皮）,46,0.6,0.1,11
蜜桃（去核去皮）,46,0.6,0.1,11
李子（带核带皮）,38,0.7,0.2,8.7
李子（去核去皮）,38,0.7,0.2,8.7
李子杏（带核带皮）,37,1,0.1,8.6
李子杏（去核去皮）,37,1,0.1,8.6
梅（带核带皮）,34,0.9,0.9,6.2
梅（去核去皮）,34,0.9,0.9,6.2
杏（带核带皮）,38,0.9,0.1,9.1
杏（去核去皮）,38,0.9,0.1,9.1
布朗（带核带皮）,44,0.6,0.2,10.7
布朗（去核去皮）,44,0.6,0.2,10.7
西梅（带核带皮）,42,0.7,0.1,10.3
西梅（去核去皮）,42,0.7,0.1,10.3
鲜枣（带核带皮）,125,1.1,0.3,30.5
鲜枣（去核去皮）,125,1.1,0.3,30.5
红枣（带核带皮）,276,3.2,0.5,67.8
红枣（去核去皮）,276,3.2,0.5,67.8
大红枣（带核带皮）,317,2.1,0.4,81.1
大红枣（去核去皮）,317,2.1,0.4,81.1
金丝小枣（带核带皮）,308,1.2,1.1,76.7
金丝小枣（去核去皮）,308,1.2,1.1,76.7
冬枣（带核带皮）,113,1.8,0.2,27.8
冬枣（去核去皮）,113,1.8,0.2,27.8
酸枣（带核带皮）,300,3.5,1.5,73.3
酸枣（去核去皮）,300,3.5,1.5,73.3
樱桃（带核带皮）,46,1.1,0.2,10.2
樱桃（去核去皮）,46,1.1,0.2,10.2
桃（带核带皮）,42,0.6,0.1,10.1
桃（去核去皮）,42,0.6,0.1,10.1
葡萄(代表值),45,0.4,0.3,10.3
红玫瑰葡萄,42,0.4,0.2,10.7
葡萄（巨峰）,51,0.4,0.2,12
葡萄(马奶子),41,0.5,0.4,9.1
葡萄(玫瑰香),52,0.4,0.4,12.1
紫葡萄,45,0.7,0.3,10.3
葡萄干,344,2.5,0.4,83.4
石榴（代表值）,72,1.3,0.2,18.5
石榴（红粉皮）,74,1.3,0.1,19.4
石榴（玛瑙）,72,1.6,0.2,18.4
石榴（青皮）,71,1.2,0.2,18.5
柿,74,0.4,0.1,18.5
荷柿,65,0.6,0.2,17.1
磨盘柿,79,0.7,0.1,19.6
柿饼,255,1.8,0.2,62.8
桑葚（代表值）,57,1.7,0.4,13.8
桑葚(白),60,1.8,0.3,14.9
桑葚(红),55,1.6,0.4,12.9
桑葚（干）,298,21.1,6.1,54.2
醋栗[灯笼果],46,0.9,0.6,10.2
黑醋栗[黑加仑],66,1.4,0.4,15.4
沙棘,120,0.9,1.8,25.5
无花果,65,1.5,0.1,16
中华猕猴桃[毛叶猕猴桃],61,0.8,0.6,14.5
草莓[洋莓，凤阳草莓],32,1,0.2,7.1
红提子葡萄,54,0.4,0.2,13.1
无花果（干）,361,3.6,4.3,77.8
蓝莓干,280,2.7,1.9,72.5
草莓干,329,0.5,0.2,82.8
无花果干,272,3,1.1,75.3
黄心奇异果,63,1.1,0.2,14.9
通草果（果肉）,89,0.5,0.1,22
蓝靛果,55,0.7,0.6,12.8
鹅莓,51,1,0.1,13.2
通草果（果皮）,32,0.3,0.3,8.6
蓝莓,48,0.5,0.1,12.9
阳光玫瑰（带皮）,61,0.7,0.2,16.1
巴西莓（冷冻，无糖）,62,0.9,5.3,5
金黄奇异果,59,0.8,0.3,15
无子红葡萄(含皮),72,0.5,0.1,19.2
黑美人葡萄(含皮),66,0.5,0.1,17.4
金香葡萄(含皮),60,0.6,0.1,16
百香果US,97,2.2,0.7,23.4
百香果（紫）US,97,2.2,0.7,23.4
覆盆子US,52,1.2,0.6,11.9
黑莓US,43,1.4,0.5,9.6
蓝莓US,57,0.7,0.3,14.5
猕猴桃（绿色）US,61,1.1,0.5,14.7
覆盆子(干),242,9.7,4.7,70
山莓,52,1.2,/,/
巨峰葡萄（去皮去籽）,51,0.4,0.2,12
马奶子葡萄（去皮去籽）,41,0.5,0.4,9.1
玫瑰香葡萄（去皮去籽）,52,0.4,0.4,12.1
柿（带皮带核）,74,0.4,0.1,18.5
柿（去皮去核）,74,0.4,0.1,18.5
猕猴桃（带皮）,61,0.8,0.6,14.5
猕猴桃（去皮）,61,0.8,0.6,14.5
红提子葡萄（去核去皮）,54,0.4,0.2,13.1
葡萄（去皮去籽）,45,0.4,0.3,10.3
石榴（带皮带籽）,72,1.3,0.2,18.5
石榴（去皮去籽）,72,1.3,0.2,18.5
橙,48,0.8,0.2,11.1
福橘,46,1,0.2,10.3
橘柑子[宽皮桂],44,0.8,0.1,10.2
橘(金橘)[金枣],58,1,0.2,13.7
芦橘,44,0.6,0.2,10.3
蜜橘,45,0.8,0.4,10.3
三湖红橘,43,0.8,0.3,10
橘（四川红橘）,42,0.7,0.1,9.8
小叶橘,40,1.1,0.2,8.8
早橘,57,1.2,0.2,12.6
橘饼,371,0.6,0.4,92.9
柚[文旦],42,0.8,0.2,9.5
柠檬,37,1.1,1.2,6.2
葡萄柚[西柚],33,0.7,0.3,7.8
葡萄柚[西柚],40,0.7,0.1,10
爱媛橙（果肉）,50,0.8,0.2,11.7
不知火柑（果肉）,56,0.8,0.2,12.9
瓦伦西亚橙（果肉）,42,1,0.1,9.8
春见耙耙柑（果肉）,52,0.9,0.2,12.1
椪柑（果肉）,42,0.9,0.1,9.9
三宝柑（果肉）,47,0.7,0.3,10.9
甜柚（果肉）,43,0.8,0.1,10.1
夏橙（果肉）,42,0.9,0.1,10
宜兴蜜柑（果肉）,50,0.9,0.1,11.8
温州蜜柑（果肉，早熟）,49,0.5,0.1,11.9
温州蜜柑（果肉，普通）,49,0.7,0.1,12
椪柑,40,0.8,0.2,10
红柑,42,0.8,0.1,10.6
茂谷柑,44,0.6,0.1,11.5
海梨桶柑,44,0.9,0.2,11
高墙桶柑,45,0.8,0,11.8
柠檬柑,48,1.1,0.1,12.2
长果金柑,56,1,0.2,14.1
圆果金柑,32,0.7,0.2,7.6
柳橙,44,0.8,0.1,11
橙（带皮带籽）,48,0.8,0.2,11.1
橙（去皮去籽）,48,0.8,0.2,11.1
福橘（带皮带籽）,46,1,0.2,10.3
福橘（去皮去籽）,46,1,0.2,10.3
金橘（带皮带籽）,58,1,0.2,13.7
金橘（去皮去籽）,58,1,0.2,13.7
芦橘（带皮带籽）,44,0.6,0.2,10.3
芦橘（去皮去籽）,44,0.6,0.2,10.3
蜜橘（带皮带籽）,45,0.8,0.4,10.3
蜜橘（去皮去籽）,45,0.8,0.4,10.3
小叶橘（带皮带籽）,40,1.1,0.2,8.8
小叶橘（去皮去籽）,40,1.1,0.2,8.8
柚（带皮带籽）,42,0.8,0.2,9.5
柚（去皮去籽）,42,0.8,0.2,9.5
柠檬（带皮带籽）,37,1.1,1.2,6.2
柠檬（去皮去籽）,37,1.1,1.2,6.2
葡萄柚（带皮带籽）,40,0.7,0.1,10
葡萄柚（去皮去籽）,40,0.7,0.1,10
芭蕉[甘蕉，板蕉，牙蕉],115,1.2,0.1,28.9
菠萝[凤梨，地菠萝],44,0.5,0.1,10.8
菠萝蜜[木菠萝],105,0.2,0.3,25.7
刺梨[茨梨，木梨子],63,0.7,0.1,16.9
番石榴[鸡矢果，番桃],53,1.1,0.4,14.2
桂圆,71,1.2,0.1,16.6
桂圆(干),277,5,0.2,64.8
桂圆肉,317,4.6,1,73.5
黄皮果,39,1.6,0.2,9.9
荔枝,71,0.9,0.2,16.6
芒果[抹猛果，望果],35,0.6,0.2,8.3
木瓜[番木瓜],29,0.4,0.1,7
人参果,86,0.6,0.7,21.2
杨梅[树梅，山杨梅],30,0.8,0.2,6.7
杨桃,31,0.6,0.2,7.4
椰子,241,4,12.1,31.3
枇杷,41,0.8,0.2,9.3
橄榄(白榄),57,0.8,0.2,15.1
余柑子[油柑子],45,0.3,0.1,12.4
桂圆(干),319,5.6,0.2,76.2
红毛丹,82,1,1.2,17.5
火龙果[仙蜜果、红龙果],55,1.1,0.2,13.3
荔枝（干）,328,4.5,1.2,77.4
榴莲,150,2.6,3.3,28.3
芒果（大头）,52,0.5,0.1,12.9
木瓜[番木瓜]（云南）,30,0.6,0,7.2
酸木瓜,41,0.3,0.2,11.1
蒲桃[香果、水石榴],41,0.6,Tr,10.1
山竹,72,0.4,0.2,18
香蕉（红皮）,86,1.1,0.2,20.8
香蕉（红皮）,81,1.1,0.2,19.7
香蕉[甘蕉],93,1.4,0.2,22
香蕉干,314,3.8,0.4,78.5
椰奶,157,1.9,16,2.8
椰果,80,0,0,20.2
芒果干,339,3.1,0.7,84.9
释迦果,81,1.8,0.4,19.4
椰子水,22,0.2,0.1,5
红宝石莲雾,33,0.3,0.3,8.1
黑金刚莲雾,34,0.5,0.1,8.8
黑珍珠莲雾,39,0.4,0.1,10.2
肯特芒果,49,0.5,0.2,12.7
海登芒果,60,0.4,0.2,15.7
凯特芒果,50,1.1,0.2,12.5
爱文芒果,42,0.4,0.2,11
圣心芒果,50,0.5,0.2,12.9
黑香芒果,66,0.8,0.3,16.9
玉文芒果,62,0.5,0.3,16.1
金煌芒果,52,0.8,0.2,13
金蜜芒果,64,0.6,0.4,16.3
金兴芒果,41,0.6,0.1,10.6
香水芒果,65,0.6,0.2,17.1
莲花芒果,47,0.4,0.2,12.2
芒果干,334,0.6,1,90
玉荷包荔枝,68,1.2,0.2,17.3
黑叶荔枝,62,0.9,0.2,15.8
蛋黄果,106,1.4,0.3,27.3
罗望子US,239,2.8,0.6,62.5
菠萝罐头（欢乐家）,50,0,0,12.4
菠萝（去皮）,44,0.5,0.1,10.8
菠萝蜜（去皮）,105,0.2,0.3,25.7
荔枝（带皮带核）,71,0.9,0.2,16.6
荔枝（去皮去核）,71,0.9,0.2,16.6
芒果（带皮带核）,35,0.6,0.2,8.3
芒果肉,35,0.6,0.2,8.3
木瓜（带皮带籽）,29,0.4,0.1,7
木瓜肉,29,0.4,0.1,7
人参果（带皮）,86,0.6,0.7,21.2
人参果肉,86,0.6,0.7,21.2
杨梅（带核）,30,0.8,0.2,6.7
杨梅（去核）,30,0.8,0.2,6.7
杨桃（带皮带籽）,31,0.6,0.2,7.4
杨桃（去皮去籽）,31,0.6,0.2,7.4
椰子肉,241,4,12.1,31.3
枇杷（带皮带核）,41,0.8,0.2,9.3
枇杷（去皮去核）,41,0.8,0.2,9.3
红毛丹（带皮带核）,82,1,1.2,17.5
红毛丹（去皮去核）,82,1,1.2,17.5
火龙果（带皮）,55,1.1,0.2,13.3
火龙果（去皮）,55,1.1,0.2,13.3
榴莲（带壳）,150,2.6,3.3,28.3
榴莲肉,150,2.6,3.3,28.3
蒲桃（带皮带核）,41,0.6,tr,10.1
蒲桃（去皮去核）,41,0.6,tr,10.1
山竹（带皮带核）,72,0.4,0.2,18
山竹（去皮去核）,72,0.4,0.2,18
红皮香蕉（带皮）,81,1.1,0.2,19.7
红皮香蕉（去皮）,81,1.1,0.2,19.7
香蕉（带皮）,93,1.4,0.2,22
香蕉（去皮）,93,1.4,0.2,22
白金瓜,25,0.4,—,6.2
白兰瓜,23,0.6,0.1,5.3
哈蜜瓜,34,0.5,0.1,7.9
黄河蜜瓜,11,0.4,Tr,4
金塔寺瓜,10,0.6,0.1,2
灵蜜瓜,4,0.5,0.1,0.4
麻醉瓜,17,0.7,0.1,3.6
甜瓜[香瓜],26,0.4,0.1,6.2
西瓜(代表值),31,0.5,0.3,6.8
西瓜(京欣一号),34,0.5,Tr,8.1
西瓜(郑州三号),26,0.6,0.1,5.7
西瓜(忠于6号，黑皮),32,0.5,0.5,6.5
子瓜,5,0.2,0.3,0.6
小西瓜[地雷瓜],30,0.8,0.1,6.7
黄心西瓜,41,0.6,0.1,9.5
火参果,41,1.5,0.9,8
黑美人西瓜,36,0.9,0.1,9.1
太阳洋香瓜,32,1.2,0,7.8
状元瓜,27,0.7,0.1,6.6
蜜世界洋香瓜,29,0.7,0.1,7.1
美浓瓜,37,1.1,0.2,8.8
黄香瓜,30,0.6,0.2,7.5
嘉玉甜瓜,43,1.3,0.1,10.4
新世纪哈密瓜,39,0.7,0,10.1
新疆哈蜜瓜,28,0.7,0.1,6.9
七股香洋香瓜,40,0.6,0.1,10.5
天香洋香瓜,44,0.8,0,11.6
秋香洋香瓜,34,1,0,8.4
红宝石洋香瓜,39,1.2,0,9.6
香华洋香瓜,30,0.7,0,7.7
蓝宝石洋香瓜,34,1.1,0,8.2
刺角瓜US,44,1.8,1.3,7.6
白金瓜（带皮带籽）,25,0.4,-,6.2
白金瓜（去皮去籽）,25,0.4,-,6.2
白兰瓜（带皮带籽）,23,0.6,0.1,5.3
白兰瓜（去皮去籽）,23,0.6,0.1,5.3
哈蜜瓜（带皮带籽）,34,0.5,0.1,7.9
哈蜜瓜（去皮去籽）,34,0.5,0.1,7.9
黄河蜜瓜（带皮带籽）,11,0.4,tr,4
黄河蜜瓜（去皮去籽）,11,0.4,tr,4
甜瓜（带皮带籽）,26,0.4,0.1,6.2
甜瓜（去皮去籽）,26,0.4,0.1,6.2
西瓜（带皮带籽）,31,0.5,0.3,6.8
西瓜（去皮去籽）,31,0.5,0.3,6.8
白果(干)[银杏],355,13.2,1.3,72.6
菠萝蜜,164,4.9,0.3,36.7
核桃(鲜),336,12.8,29.9,6.1
核桃(干)[胡桃],646,14.9,58.8,19.1
毛核桃,184,12,6.7,21.7
山核桃(干),616,18,50.4,26.2
栗子(鲜)[板栗],188,4.2,0.7,42.2
栗子(干)[板栗],348,5.3,1.7,78.4
栗子(熟)[板栗],214,4.8,1.5,46
松子(生),665,12.6,62.6,19
松子(炒),644,14.1,58.5,21.4
松子仁,718,13.4,70.6,12.2
杏仁,578,22.5,45.4,23.9
杏仁(大杏仁),540,19.9,42.9,27.8
杏仁(炒),618,25.7,51,18.7
杏仁(原味),596,21.3,50.6,19.7
杏仁(漂白后),602,21.9,50.6,19.9
杏仁(过油炸干),631,21.2,55.2,17.7
杏仁(烤干，不加盐),617,22.1,52.8,19.3
杏仁(烤干，加盐),617,22.1,52.8,19.3
橡实[橡子，青冈子],233,4,2,50.5
榛子(干),561,20,44.8,24.3
榛子(炒),611,30.5,50.3,13.1
山核桃(熟)[小核桃],658,8.3,64.5,21.3
栗子[板栗],186,4.4,1.6,39.6
栗子[板栗],192,4.4,1.4,41.9
栗子[板栗],168,4.4,1,36.3
栗子[板栗],182,3.8,0.9,40.7
栗子[板栗],183,4.3,1.1,39.9
栗子仁(熟),194,4.5,1.5,45.7
松子(熟),553,12.9,40.4,40.3
杏仁(熟，带壳),648,25.1,58.4,11
杏仁(熟，去壳),625,28,54.4,11.1
腰果(熟),615,24,50.9,20.4
榛子(熟),642,12.5,57.3,25.6
榛子仁(熟),628,15.6,52.9,26.7
开心果(熟),631,20.6,53,21.9
香榧(熟),644,12.4,57,26.9
巴旦木US,579,21.2,49.9,21.6
银杏（带壳）,355,13.2,1.3,72.6
银杏（去壳）,355,13.2,1.3,72.6
鲜核桃（带壳）,336,12.8,29.9,6.1
鲜核桃（去壳）,336,12.8,29.9,6.1
胡桃（带壳）,646,14.9,58.8,19.1
胡桃（去壳）,646,14.9,58.8,19.1
毛核桃（带壳）,184,12,6.7,21.7
毛核桃（去壳）,184,12,6.7,21.7
山核桃（带壳）,616,18,50.4,26.2
山核桃（去壳）,616,18,50.4,26.2
栗子(鲜，带壳）,188,4.2,0.7,42.2
栗子(鲜，去壳）,188,4.2,0.7,42.2
栗子(干，带壳）,348,5.3,1.7,78.4
栗子(干，去壳）,348,5.3,1.7,78.4
栗子(熟，带壳）,214,4.8,1.5,46
栗子(熟，去壳）,214,4.8,1.5,46
松子(生，带壳）,665,12.6,62.6,19
松子(生，去壳）,665,12.6,62.6,19
松子(炒，带壳）,644,14.1,58.5,21.4
松子(炒，去壳）,644,14.1,58.5,21.4
橡实（带壳）,233,4,2,50.5
橡实（去壳）,233,4,2,50.5
干榛子（带壳）,561,20,44.8,24.3
干榛子（去壳）,561,20,44.8,24.3
榛子(炒，带壳）,611,30.5,50.3,13.1
榛子(炒，去壳）,611,30.5,50.3,13.1
山核桃(熟，带壳）,658,8.3,64.5,21.3
山核桃(熟，去壳）,658,8.3,64.5,21.3
栗子（带壳）,183,4.3,1.1,39.9
栗子（去壳）,183,4.3,1.1,39.9
榛子(熟，带壳）,642,12.5,57.3,25.6
榛子(熟，去壳）,642,12.5,57.3,25.6
开心果仁,631,20.6,53,21.9
胡麻子,450,19.1,30.7,39.5
花生(鲜)[落花生，长生果],313,12,25.4,13
花生(炒),601,21.7,48,23.8
花生仁(生),574,24.8,44.3,21.7
花生仁(炒),589,23.9,44.4,25.7
葵花子(生),609,23.9,49.9,19.1
葵花子(炒，咸),625,22.6,52.8,17.3
葵花子仁,615,19.1,53.4,16.7
莲子(干),350,17.2,2,67.2
莲子(糖水罐头),202,2.8,0.5,46.9
南瓜子(炒)[白瓜子],582,36,46.1,7.9
南瓜子仁,576,33.2,48.1,4.9
西瓜子(炒),582,32.7,44.8,14.2
西瓜子(话梅),567,30.3,46.5,13.4
西瓜子仁,566,32.4,45.9,8.6
芝麻籽(白),536,18.4,39.6,31.5
芝麻籽(黑),559,19.1,46.1,24
芡实米(鲜)[鸡头米],145,4.4,0.2,31.5
芡实米(干)[鸡头米],352,8.3,0.3,79.6
花生(烤，勤俭牌),586,26.4,46.3,21.2
花生(烤，密日兴牌),475,16.6,22.3,55.9
花生仁(油炸),583,22.2,47.1,26.2
葵花子(熟，奶油香),620,22.7,54.1,17.9
葵花子(熟，原味),591,28.5,49,15.1
南瓜子(熟)[白瓜子],615,26.6,52.8,12.9
西瓜子(熟)[黑瓜子],550,29,46,9.5
花生(鲜，带壳）,313,12,25.4,13
花生(鲜，去壳）,313,12,25.4,13
花生(炒，带壳）,601,21.7,48,23.8
花生(炒，去壳）,601,21.7,48,23.8
葵花子(生，带壳）,609,23.9,49.9,19.1
葵花子(生，去壳）,609,23.9,49.9,19.1
南瓜子(炒，带壳）,582,36,46.1,7.9
南瓜子(炒，去壳）,582,36,46.1,7.9
西瓜子(炒，带壳）,582,32.7,44.8,14.2
西瓜子(炒，去壳）,582,32.7,44.8,14.2
西瓜子(话梅，带壳）,567,30.3,46.5,13.4
西瓜子(话梅，去壳）,567,30.3,46.5,13.4
南瓜子(熟，带壳）,615,26.6,52.8,12.9
南瓜子(熟，去壳）,615,26.6,52.8,12.9
西瓜子(熟，带壳）,550,29,46,9.5
西瓜子(熟，去壳）,550,29,46,9.5
猪肉（代表值，fat30g）,331,15.1,30.1,0
猪肉(肥，fat89g),807,2.4,88.6,0
猪肉(后臀尖),336,14.6,30.8,0
猪肉(后肘),320,17,28,0
猪肉(肋条肉),568,9.3,59,0
猪肉(奶脯)[软五花，猪夹心],349,7.7,35.3,0
猪肉(奶面)[硬五花],339,13.6,30.6,2.2
猪肉(前肘),287,17.3,22.9,2.9
猪肉(瘦）,143,20.3,6.2,1.5
猪肉（瘦，fat8g）,153,20.7,7.8,0
猪肉(腿),190,17.9,12.8,0.8
猪肉（fat12g）,181,19,11.7,0.2
猪肉(猪脖),577,8,60.5,0
猪大肠,196,6.9,18.7,0
猪大排,264,18.3,20.4,1.7
猪耳,176,19.1,11.1,0
猪蹄,260,22.6,18.8,0
猪蹄筋,156,35.3,1.4,0.5
猪头皮,499,11.8,44.6,12.7
猪肘棒,248,16.5,16,9.4
猪肉（前臀尖，杜长大猪）,289,15.3,25.3,0
猪肉（前臀尖，良杂猪）,334,14.2,30.4,0.9
猪肉（后臀尖，杜长大猪）,165,20.8,9.1,0
猪肉（后臀尖，良杂猪）,175,20,10.5,0
猪肉（硬肋，杜长大猪）,557,10.8,57.1,0
猪肉（硬肋，良杂猪）,536,11.6,54.4,0
猪肉（通脊，杜长大猪）,159,22.3,7.8,0
猪肉（通脊，良杂猪）,140,20.7,6.4,0
猪肉(里脊),150,19.6,7.9,0
猪皮,363,27.4,28.1,0
猪小排（杜长大猪）,295,16.8,25.3,0
猪小排（良杂猪）,351,14.1,32.7,0
猪腿肉（藏香猪）,268,17.5,19.2,6.3
猪肚,110,15.2,5.1,0.7
猪肺,84,12.2,3.9,0.1
猪脑,131,10.8,9.8,0
猪脾,94,13.2,3.2,3.1
猪肾（fat8g）[猪腰子],137,16,8.1,0
猪小肠,65,10,2,1.7
猪心,119,16.6,5.3,1.1
猪血,55,12.2,0.3,0.9
猪肚,97,14.1,3.5,2.2
猪肝,126,19.2,4.7,1.8
猪舌[口条],184,18.1,12.4,0
猪肾（fat2g）[猪腰子],82,15.8,1.8,0.6
宫爆肉丁(罐头),353,17.7,27.6,8.4
酱汁肉,549,15.5,50.4,8.4
腊肉(培根),181,22.3,9,2.6
腊肉(生，fat49g),498,11.8,48.8,2.9
卤猪杂,186,24.6,4.8,11
午餐肉（北京）,229,9.4,15.9,12
咸肉,390,16.5,36,0
猪肉罐头（珍珠里脊丝，罐头),225,6.7,17.3,10.5
猪肝(卤煮),203,26.4,8.3,5.6
猪肉(清蒸),198,18.4,13.8,0
猪蹄(熟),260,23.6,17,3.2
猪肘棒(熟),314,21.3,24.5,2.1
福建式肉松,493,25.1,26,39.7
老年保健肉松,458,35.8,20.5,32.5
太仓肉松,316,38.6,8.3,21.6
火腿心全精肉（雪舫蒋牌）,322,37,19.3,0
火腿心肉（生，金云牌）,528,22.2,48.8,0
腊肉（生，fat68g）,692,18.2,68,1.8
叉烧肉,196,20.9,9.8,6
酱排骨,366,21.7,26.7,9.6
猪肉罐头（香糟块肉）,542,15.5,53.3,0
猪里脊（熏烤小里脊）,153,17.7,3.9,11.8
猪肉脯,378,28,8.8,46.6
肉酥,509,30.7,27.1,35.5
扒猪脸,347,18.8,29.6,1.4
酱肘子,202,29.6,8.5,1.8
火腿肉（藏香猪）,503,29.1,40.7,5
风干肉（藏香猪）,598,27.1,53.6,1.7
茶肠,329,9,29.6,6.7
大腊肠,267,12.9,20.1,8.6
大肉肠,273,12,22.9,4.6
蛋清肠,278,12.5,22.8,5.8
儿童肠,290,13.1,19.6,15.3
风干肠,283,12.4,23.3,5.9
广东香肠,433,18,37.3,6.4
红果肠,260,10.2,15.3,20.3
火腿肠,212,14,10.4,15.6
腊肠,584,22,48.3,15.3
松江肠,402,12.3,26.5,28.5
蒜肠,309,7.5,25.4,12.7
香肠,508,24.1,40.7,11.2
香肠(罐头),290,7.9,28.1,1.3
火腿肠（小红肠）,280,11.8,23.2,6
火腿肠（小泥肠）,295,11.3,26.3,3.2
午餐肠,261,2.9,16.6,24.9
午餐肚,181,9.3,0.5,34.7
方腿,117,16.2,5,1.9
火腿（fat27g）,330,16,27.4,4.9
金华火腿,318,16.4,28,0.1
火腿肠（圆腿）,139,18.4,6.5,1.6
脆皮肠,302,16.6,24,4.8
热狗肠,307,13.2,25.2,6.9
火腿肠（双汇牌）,215,12.1,14.6,8.8
火腿（fat3g）,99,15.5,3.4,1.7
火腿（宣威牌）,565,11.4,56.1,3.7
三明治火腿,115,12.5,4.5,6.1
午餐肉（上海梅林牌）,320,9,30.1,3.3
猪尾US,378,17.8,33.5,0
猪后肘（带骨）,320,17,28,0
猪后肘肉,320,17,28,0
猪五花肉（带皮）,349,7.7,35.3,0
猪五花肉（去皮）,349,7.7,35.3,0
猪前肘（带骨）,287,17.3,22.9,2.9
猪前肘肉,287,17.3,22.9,2.9
猪大排（带骨）,264,18.3,20.4,1.7
猪大排（去骨）,264,18.3,20.4,1.7
猪蹄（带骨）,260,22.6,18.8,0
猪蹄（去骨）,260,22.6,18.8,0
猪肘棒（带骨）,248,16.5,16,9.4
猪肘棒（去骨）,248,16.5,16,9.4
猪小排（带骨）,351,14.1,32.7,0
猪小排（去骨）,351,14.1,32.7,0
熟猪蹄（带骨）,260,23.6,17,3.2
熟猪蹄（去骨）,260,23.6,17,3.2
熟猪肘棒（带骨）,314,21.3,24.5,2.1
熟猪肘棒（去骨）,314,21.3,24.5,2.1
生火腿心肉（带骨）,528,22.2,48.8,0
生火腿心肉（去骨）,528,22.2,48.8,0
酱排骨（带骨）,366,21.7,26.7,9.6
酱排骨（去骨）,366,21.7,26.7,9.6
牛肉（代表值，fat9g）,160,20,8.7,0.5
牛肉(肋条),123,18.6,5.4,0
牛肉(后腿),106,20.9,2,1.1
牛肉(后腱),98,20.1,1,2.2
牛肉(里脊肉)[牛柳],107,22.2,0.9,2.4
牛肉(前腿),105,19.2,1.8,2.9
牛肉(前腱),113,20.3,1.3,5.1
牛肉(代表值，瘦，fat3g）,113,21.3,2.5,1.3
牛蹄筋（生）,151,34.1,0.5,2.6
牛蹄筋(泡发),25,6,Tr,0.2
牛肉（背部肉）[上脑],193,17.4,12.4,3
牛肉(里脊肉)[牛柳],134,22.3,5.0,0.0
牛肉(臀部肉)[紫盖、白板）,117,22.6,2.6,0.9
牛肉(肩部肉)[肩肉],342,14.1,31.7,0
牛肉(胸部肉)[牛胸],326,16.6,28.8,0
牛肉(腹部肉)[牛腩],332,17.1,29.3,0
牛肉(膝圆肉)[和尚头],106,22.4,1.8,0.1
牛肉(股内肉)[针扒、米龙、黄瓜条],119,22.8,2.9,0.4
牛肉(小腿肉)[牛展、牛腱子],122,23,3.3,0
牦牛肉,119,23.1,1.4,3.4
牦牛牛腱肉（冻，鲜）,100,21.2,0.8,2
牦牛牛霖肉（冻，鲜）,110,22.5,1,2.7
牛鞭(泡发),117,27.2,0.9,0
牛大肠,66,11,2.3,0.4
牛肚,72,14.5,1.6,0
牛肺,95,16.5,2.5,1.5
牛肝,139,19.8,3.9,6.2
牛脑,149,12.5,11,0.1
牛舌,196,17,13.3,2
牛肾,94,15.6,2.4,2.6
牛心,106,15.4,3.5,3.1
牛百叶（黑）,70,13.2,1.9,0
酱牛肉,246,31.4,11.9,3.2
煨牛肉(罐头),166,16.7,11,0.1
牛肉干,550,45.6,40,1.9
咖哩牛肉干,326,45.9,2.7,29.5
牛肉松,445,8.2,15.7,67.7
牛蹄筋(熟),147,35.2,0.6,0.1
牛肉（酱，五香）,229,33.2,10.7,0
牛肉（清香）,200,25.8,10.7,0
牛腱子（香叶）,205,35.6,5.5,3.2
牛肉干（长富牌）,342,41.8,5.1,32.2
牛肉干（沙爹牌）,327,40.1,3.6,33.6
牛小排（肥瘦分开）US,390,14.4,36.2,0.4
牛小排（瘦）US,175,19,10.2,0.4
牛后腱肉（带皮）,98,20.1,1,2.2
牛后腱肉（去皮）,98,20.1,1,2.2
牛前腱肉（带皮）,113,20.3,1.3,5.1
牛前腱肉（去皮）,113,20.3,1.3,5.1
羊肉(代表值，fat7g),139,18.5,6.5,1.6
羊肉(冻),285,12.6,24.4,3.8
羊肉(后腿，带骨),110,19.5,3.4,0.3
羊肉(颈),135,21.3,4.6,2.2
羊肉(里脊),103,20.5,1.6,1.6
羊肉(前腿，fat3g),110,18.6,3.2,1.6
羊肉(青羊),99,21.3,1.1,1
羊肉（fat4g）,118,20.5,3.9,0.2
羊肉(胸脯),133,19.4,6.2,0
山羊肉(生),293,8.7,24.5,9.4
羊蹄筋(生),159,34.3,2.4,0
羊蹄筋(泡发),41,8.4,Tr,1.9
羊肉（上脑）,94,19,2,0
羊肉（腰窝）,135,18.9,6.6,0
羊肉（前腿）,97,19.8,2,0
羊肉（后腿）,111,20.6,3.2,0
羊肉片,118,18,4,2.4
羊大肠,75,13.4,2.4,0
羊肚,87,12.2,3.4,1.8
羊肺,96,16.2,2.4,2.5
羊肝,134,17.9,3.6,7.4
羊脑,142,11.3,10.7,0.1
羊舌,225,19.4,14.2,4.8
羊肾,96,16.6,2.8,1
羊心,113,13.8,5.5,2
羊血,57,6.8,0.2,6.9
腊羊肉,246,26.1,10.6,11.5
羊肉(熟),217,23.2,13.8,0
羊肉串(电烤),234,26.4,11.6,6
羊肉串(烤),206,26,10.3,2.4
羊肉串(炸),217,18.3,11.5,10
羊肉干,588,28.2,46.7,13.7
羊肉（羊肉手抓）,188,27.3,8.8,0
山羊肉(酱),272,25.4,13.7,11.8
烧羊肉（五香）,183,33.6,5.4,0
羊肉串（生）,118,13,4.8,5.6
羊后腿（带骨）,110,19.5,3.4,0.3
羊后腿（去骨）,110,19.5,3.4,0.3
羊前腿（带骨）,110,18.6,3.2,1.6
羊前腿（去骨）,110,18.6,3.2,1.6
驴肉(瘦),116,21.5,3.2,0.4
驴鞭,143,29.7,0.8,4.3
驴肉(酱),160,33.7,2.8,0
驴肉(卤),149,27.2,1.9,5.8
驴肉(煮),230,27,13.5,0
驴肉（五香）,167,28.2,6,0
马肉,122,20.1,4.6,0.1
马心,104,18.9,2.7,1
马肉(卤),170,30.5,4.8,1.2
狗肉,116,16.8,4.6,1.8
骆驼蹄,116,25.6,1.4,0.2
骆驼掌,310,72.8,2,0.3
兔肉,102,19.7,2.2,0.9
兔肉(野),84,16.6,2,0
鹿肉（养殖梅花鹿）,92,19.7,1.3,0.3
鹿鞭【梅花鹿】,353,82.3,2,0.2
鹿鞭【新西兰马鹿】,387,85.8,4.3,Tr
鹿筋,371,87,1.9,0.1
鹿茸【梅花鹿】,—,61.4,1.3,/
鹿茸【麋鹿】,—,40.2,1.4,/
鹿肉【马鹿】,109,22.6,1.8,0.5
鹿肉【梅花鹿】,92,19.7,1.3,0.3
鹿尾【马鹿】,—,70.7,/,/
鹿尾【梅花鹿】,—,67.5,/,/
撒尿牛肉丸（安井）,198,14.2,12,8.4
黑胡椒肠（双汇）,338,10.5,30,7.5
鸡(均值),145,20.3,6.7,0.9
鸡(土鸡，家养),124,20.8,4.5,0
母鸡(一年内),256,20.3,16.8,5.8
肉鸡(肥),389,16.7,35.4,0.9
华青鸡,158,19.6,8.8,0
沙鸡,147,20,6.7,1.6
乌骨鸡,111,22.3,2.3,0.3
鸡爪,254,23.9,16.4,2.7
鸡胸脯肉,118,24.6,1.9,0.6
鸡腿,146,20.2,7.2,0
鸡翅,202,19,11.5,5.5
鸡块（带浆粉）,206,12.2,9.1,18.8
野山鸡,126,20.4,2,6.6
鸡肝,121,16.6,4.8,2.8
鸡肝(肉鸡),121,16.7,4.5,3.5
鸡心,172,15.9,11.8,0.6
鸡血,49,7.8,0.2,4.1
鸡肫[鸡胗],118,19.2,2.8,4
扒鸡,217,29.6,11,0
肯德鸡[炸鸡],279,20.3,17.3,10.5
卤煮鸡,212,29.4,7.9,5.8
瓦罐鸡汤(肉),190,20.9,9.5,5.2
瓦罐鸡汤(汤),27,1.3,2.4,0
鸡肉松,440,7.2,16.4,65.8
扒鸡(五香脱骨),206,23.4,10.8,3.8
烤鸡,265,28.1,16.9,0
童子鸡(熟),226,15.8,18.1,0
鸡软骨,107,20.4,2.2,0.5
土鸡肉（带骨）,124,20.8,4.5,0
土鸡肉（去骨）,124,20.8,4.5,0
母鸡肉（带骨）,256,20.3,16.8,5.8
母鸡肉（去骨）,256,20.3,16.8,5.8
肉鸡（带骨）,389,16.7,35.4,0.9
肉鸡（去骨）,389,16.7,35.4,0.9
华青鸡（带骨）,158,19.6,8.8,0
华青鸡（去骨）,158,19.6,8.8,0
沙鸡（带骨）,147,20,6.7,1.6
沙鸡（去骨）,147,20,6.7,1.6
乌骨鸡（带骨）,111,22.3,2.3,0.3
乌骨鸡（去骨）,111,22.3,2.3,0.3
鸡爪（带骨）,254,23.9,16.4,2.7
无骨鸡爪,254,23.9,16.4,2.7
鸡腿（带骨）,146,20.2,7.2,0
鸡腿肉,146,20.2,7.2,0
鸡翅（带骨）,202,19,11.5,5.5
鸡翅（去骨）,202,19,11.5,5.5
野山鸡（带骨）,126,20.4,2,6.6
野山鸡（去骨）,126,20.4,2,6.6
扒鸡（带骨）,217,29.6,11,0
扒鸡（去骨）,217,29.6,11,0
肯德炸鸡（带骨）,279,20.3,17.3,10.5
炸鸡肉,279,20.3,17.3,10.5
烤鸡（带骨）,265,28.1,16.9,0
烤鸡（去骨）,265,28.1,16.9,0
鸡肉（带骨）,145,20.3,6.7,0.9
鸡肉（去骨）,145,20.3,6.7,0.9
鸭(均值),240,15.5,19.7,0.2
公麻鸭,360,14.3,30.9,6.1
母麻鸭,461,13,44.8,1.4
鸭胸脯肉,90,15,1.5,4
鸭皮,538,6.5,50.2,15.1
鸭翅,146,16.5,6.1,6.3
鸭掌,150,26.9,1.9,6.2
鸭肠,129,14.2,7.8,0.4
鸭肝,128,14.5,7.5,0.5
鸭肝(公麻鸭),136,14.7,4.1,10.1
鸭肝(母麻鸭),113,16.8,2.5,5.9
鸭舌[鸭条],245,16.6,19.7,0.4
鸭心,143,12.8,8.9,2.9
鸭血(白鸭),108,13.6,0.4,12.4
鸭血(公麻鸭),56,13.2,0.4,0
鸭血(母麻鸭),55,13.1,0.3,0
鸭胰,117,21.7,2.9,1
鸭肫,92,17.9,1.3,2.1
鸭肫(公麻鸭),112,19.8,1.2,5.4
鸭肫(母麻鸭),126,20.4,4.2,1.6
鸭豉片,603,18.3,56.1,6.1
北京烤鸭,436,16.6,38.4,6
北京填鸭,425,9.3,41.3,3.9
红烧鸭(罐头),338,15.3,30.5,0.6
酱鸭,266,18.9,18.4,6.3
酱鸭(加梅菜，罐头),253,11.8,21.7,2.5
盐水鸭(熟),313,16.6,26.1,2.8
烤鸭（老唐牌）,309,20.3,25.3,0
烤鸭（全聚德牌）,530,18.1,50.8,0
公麻鸭（带骨）,360,14.3,30.9,6.1
公麻鸭（去骨）,360,14.3,30.9,6.1
母麻鸭（带骨）,461,13,44.8,1.4
母麻鸭（去骨）,461,13,44.8,1.4
鸭翅（带骨）,146,16.5,6.1,6.3
鸭翅（去骨）,146,16.5,6.1,6.3
鸭掌（带骨）,150,26.9,1.9,6.2
无骨鸭掌,150,26.9,1.9,6.2
北京烤鸭（带骨）,436,16.6,38.4,6
北京烤鸭（去骨）,436,16.6,38.4,6
北京填鸭（带骨）,425,9.3,41.3,3.9
北京填鸭（去骨）,425,9.3,41.3,3.9
酱鸭（带骨）,266,18.9,18.4,6.3
酱鸭（去骨）,266,18.9,18.4,6.3
烤鸭（带骨）,530,18.1,50.8,0
烤鸭肉,530,18.1,50.8,0
鸭肉（带骨）,240,15.5,19.7,0.2
鸭肉（去骨）,240,15.5,19.7,0.2
鹅,251,17.9,19.9,0
鹅肝,129,15.2,3.4,9.3
鹅肫,100,19.6,1.9,1.1
鹅血,74,18.6,0,0
烧鹅,289,19.7,21.5,4.2
腊鹅,410,24.6,21.5,29.6
鹅（带骨）,251,17.9,19.9,0
鹅（去骨）,251,17.9,19.9,0
烧鹅（带骨）,289,19.7,21.5,4.2
烧鹅肉,289,19.7,21.5,4.2
腊鹅（带骨）,410,24.6,21.5,29.6
腊鹅肉,410,24.6,21.5,29.6
火鸡腿肉,91,20,1.2,0
火鸡胸脯肉,103,22.4,0.2,2.8
火鸡肝,143,20,5.6,3.1
火鸡肫,91,18.9,0.3,3.2
火鸡腿（熟）,100,16.7,0.7,6.6
鸽,201,16.5,14.2,1.7
鹌鹑,110,20.2,3.1,0.2
乳鸽,352,11.3,34.1,0
乳鸽（红烧）,255,16.9,20.8,0
鸽（带骨）,201,16.5,14.2,1.7
鸽肉,201,16.5,14.2,1.7
鹌鹑（带骨）,110,20.2,3.1,0.2
鹌鹑肉,110,20.2,3.1,0.2
乳鸽（带骨）,352,11.3,34.1,0
乳鸽肉,352,11.3,34.1,0
红烧乳鸽（带骨）,255,16.9,20.8,0
红烧乳鸽（去骨）,255,16.9,20.8,0
纯牛奶（代表值，全脂）,65,3.3,3.6,4.9
纯牛奶(全脂，美国牛),59,2.9,3.2,4.6
纯牛奶(全脂，西德牛),60,3.1,3,5.1
纯牛奶(全脂，光明牌),61,3.1,3.2,5
纯牛奶(全脂，乐百氏牌),67,3.3,3.8,4.8
纯牛奶(全脂，帕玛拉特牌),61,3,3.1,5.3
纯牛奶(全脂，三元牌),69,3.4,3.9,5.1
纯牛奶(全脂，完达山牌),60,2.9,3.2,4.9
纯牛奶(全脂，龙丹牌),66,2.9,3.8,5.1
纯牛奶(全脂，蒙牛牌),67,3.1,3.7,5.3
纯牛奶(全脂，新南洋牌),67,3.1,3.8,5.1
纯牛奶(全脂，帕玛拉特),61,2.9,3.2,5.1
纯牛奶(全脂，伊利牌),68,3.2,3.7,5.4
纯牛奶（全脂，爱尔兰金凯利全脂牛奶）,62,3.2,3.6,4.1
纯牛奶（全脂，澳大利亚澳田纯牛奶）,62,3.6,3.5,3.9
纯牛奶（全脂，比利时纯牧牛奶）,61,3.5,3.4,4
纯牛奶（全脂，波兰美波全脂纯牛奶）,75,3.2,3.4,7.8
纯牛奶（全脂，丹麦爱氏晨曦有机全脂牛奶）,67,3.5,3.6,5.2
纯牛奶（全脂，德国爱氏晨曦纯牛奶）,68,3.4,3.6,5.5
纯牛奶（全脂，德国甘蒂牧场纯牛奶）,64,3.3,3.6,4.7
纯牛奶（全脂，法国得乐思全脂牛奶）,64,3.7,3.6,4.3
纯牛奶（全脂，光明纯牛奶）,60,3.4,3.4,4
纯牛奶（全脂，光明优+高品质纯牛奶）,67,3.6,3.8,4.5
纯牛奶（全脂，广泽澳醇纯牛奶）,63,3.5,3.6,4.1
纯牛奶（全脂，花园牌）,57,2.9,3.3,4
纯牛奶（全脂，辉山纯牛奶）,66,3.5,3.7,4.7
纯牛奶（全脂，龙丹松花江牧场纯牛奶）,67,3.6,3.7,4.8
纯牛奶（全脂，麦趣尔牌）,61,2.9,3.1,5.3
纯牛奶（全脂，蒙牛纯牛奶）,67,3.4,3.8,4.7
纯牛奶（全脂，蒙牛特仑苏有机纯牛奶）,69,3.4,4,4.9
纯牛奶（全脂，明治醇壹高温杀菌乳）,67,3.6,3.7,4.8
纯牛奶（全脂，瑞士艾美全脂牛奶）,70,3.2,3.5,6.4
纯牛奶（全脂，圣牧有机纯牛奶）,74,3.5,4.1,5.7
纯牛奶（全脂，天润牌浓缩纯奶）,67,3.2,3.5,5.7
纯牛奶（全脂，完达山纯牛奶）,66,3.5,4.2,3.6
纯牛奶（全脂，西域春牌）,59,2.9,3.1,4.8
纯牛奶（全脂，夏进纯牛奶）,63,3.5,3.5,4.4
纯牛奶（全脂，现代牧业纯牛奶）,66,3.3,3.6,5.1
纯牛奶（全脂，新希望复原乳）,63,3,3.6,4.6
纯牛奶（全脂，新希望千岛湖牧场纯牛奶）,62,3.2,3.5,4.3
纯牛奶（全脂，伊利纯牛奶）,66,3.4,3.9,4.2
纯牛奶（全脂，伊利金典有机纯牛奶）,73,3.5,4.1,5.4
纯牛奶（全脂，意大利培兰全脂纯牛奶）,63,3.5,3.6,4.2
纯牛奶(低脂，帕玛拉特),43,2.9,1.3,5
纯牛奶(代表值，低脂),47,3.5,1.5,4.8
纯牛奶（低脂，澳大利亚德运部分脱脂纯牛奶）,51,3.3,2,5
纯牛奶（低脂，德国艾德牧牌部分脱脂纯牛奶）,45,3.5,1.7,3.8
纯牛奶（低脂，蒙牛特仑苏低脂牛奶）,48,3.8,1.3,5.2
纯牛奶（低脂，明治醇壹低脂肪高温杀菌乳）,46,3.6,1.2,5.2
纯牛奶（低脂，新西兰安佳低脂牛奶）,51,3.8,1.5,5.5
纯牛奶（低脂，新西兰恒天然田园低脂牛奶）,45,3.7,1.7,3.8
纯牛奶（低脂，伊利金典低脂奶）,48,3.7,1.3,5.4
纯牛奶（低脂，意大利皮尔蒙特低脂牛奶）,45,3.4,1.4,4.6
纯牛奶(脱脂，帕玛拉特),33,2.9,0.2,4.8
纯牛奶(代表值，脱脂),34,3.5,0.3,4.6
纯牛奶（脱脂，澳大利亚澳田脱脂牛奶）,35,3.7,0.3,4.3
纯牛奶（脱脂，丹麦爱氏晨曦脱脂纯牛奶）,39,3.5,0.3,5.5
纯牛奶（脱脂，德国甘蒂牧场脱脂牛奶）,34,3.3,0.5,4
纯牛奶（脱脂，新西兰安佳轻欣脱脂牛奶）,32,3.9,0,4.2
调制乳(全脂，强化VA，VD),51,2.7,2,5.6
调制乳(全脂，草莓味，卡夫牌),79,2.7,3,10.3
调制乳(全脂，巧克力味，卡夫牌),80,2.8,3.2,10
调制乳(全脂，巧克力味，三元牌),74,2.3,2.8,9.9
调制乳（全脂，学生奶）,66,2.6,2.6,8.1
调制乳（全脂，龙丹益醇核桃牛奶）,62,2.5,2.8,6.6
调制乳（全脂，蒙牛特仑苏醇纤牛奶）,72,3.4,4,5.5
调制乳（全脂，蒙牛珍养型零乳糖牛奶）,60,3,3.5,4
调制乳（全脂，完达山臻醇牛奶）,69,3.4,3.7,5.4
调制乳（全脂，旺仔复原乳牛奶）,74,2.5,2.6,10.1
调制乳（全脂，夏进炼乳牛奶）,71,2.5,3.1,8.2
调制乳（全脂，新西兰安佳原味进口儿童牛奶）,70,3.6,3.5,5.9
调制乳（全脂，新希望特浓牛奶）,66,3.3,3.5,5.4
调制乳（全脂，伊利舒化奶）,68,3.5,3.8,5
调制乳（全脂，伊利早餐奶麦香味）,71,2.9,3.2,7.6
调制乳(低脂，强化锌、钙，帕玛拉特),60,3,3.1,5
调制乳（低脂，澳大利亚德运高钙低脂奶）,52,3.5,1.1,7.1
调制乳（低脂，伊利低脂型舒化奶）,46,3.4,1.5,4.6
调制乳（低脂，伊利高钙低脂奶）,47,3.2,1.3,5.5
调制乳（脱脂，部分复原乳，澳大利亚德运高钙脱脂奶）,42,3.6,0.3,6.2
调制乳（脱脂，伊利脱脂奶）,34,3.3,0.3,4.5
鲜牛奶（全脂，光明鲜牛奶）,63,3.4,3.5,4.5
鲜牛奶（代表值，全脂）,67,3.4,3.7,5.1
鲜牛奶（全脂，辉山鲜博士鲜牛奶）,70,3.6,4.3,4.1
鲜牛奶（全脂，完达山鲜牛乳）,66,3.6,3.7,4.6
鲜牛奶（全脂，西域春牌全脂巴氏杀菌乳）,63,2.5,3.1,6.3
鲜牛奶（全脂，现代牧场鲜牛奶）,64,3.4,3.6,4.5
鲜牛奶（全脂，新希望千岛湖牧场鲜牛奶）,76,3.6,3.9,6.7
鲜牛奶（全脂，一鸣鲜牛奶）,66,3.5,3.6,5
羊乳,59,1.5,3.5,5.4
人乳,65,1.3,3.4,7.4
人乳（初乳，1~7天）,68,2.2,3.8,6.2
人乳（过渡乳，7~14天）,73,2.2,4,7
人乳（成熟乳）,70,1.2,4.4,6.5
鲜驴奶,33,0.4,0.6,6.5
鲜驴奶（冻）,41,0.5,1.2,7
鲜驴奶（花麒牌，冻）,39,0.8,1.1,6.5
鲜驼奶,72,3.7,3.5,6.5
鲜驼奶（冻）,85,3.6,3.5,9.9
驼奶（旺源牌，易拉罐）,81,3.9,4.6,6
全脂奶粉(多维奶粉),484,19.9,22.7,49.9
全脂奶粉（代表值）,482,19.9,22.3,50.5
全脂奶粉,478,20.1,21.2,51.7
全脂奶粉（速溶）,466,19.9,18.9,54
全脂奶粉(雀巢),504,24,28,39
全脂奶粉(伊利牌),504,22,26,45.5
全脂奶粉(红星速溶加锌奶粉),478,18.5,20.8,54.1
全脂奶粉(欧世蒙牛多维高钙高铁奶粉),473,18.2,21.7,51.1
全脂奶粉(雪花钙加锌调制奶粉),461,17,19,55.5
全脂奶粉(雪花高钙多维调制奶粉),484,19.5,22,52
全脂甜奶粉（代表值）,485,20.2,22.9,49.6
全脂甜奶粉,490,22.5,23.4,47.4
全脂甜奶粉(伊利牌),476,19,21,52.8
全脂甜奶粉(飞鹤全脂甜乳粉),479,20,23,48
全脂甜奶粉(红星速溶全脂甜奶粉),481,18.5,23,50
全脂甜奶粉(三元燕山牌全脂甜奶粉),500,21,24,50
低脂奶粉（代表值，高钙高铁）,425,23.7,11.9,55.9
低脂奶粉(高钙高铁，雀巢),413,27,11.7,50
低脂奶粉(高钙高铁，伊利牌),423,27,11,53.9
低脂奶粉(高钙高铁，可淇牌),437,17,13,63
全脂奶粉(全脂羊乳粉),498,18.8,25.2,49
驴奶粉（花麒牌，西域龙驴奶粉）,442,20.1,12.4,62.4
驴奶粉（金驴龙奶）,416,14.8,8.2,70.8
驴奶粉（源西域牌，冻干特质）,428,19.3,12.3,60
驼奶粉（花麒牌，西域龙驼奶粉）,528,20.2,30.4,43.4
驼奶粉（天山牧歌牌）,513,16.7,28.6,47.1
驼奶粉（旺源牌，全脂驼乳粉）,545,21.3,34.6,37
儿童配方奶粉(代表值),454,19,17.3,56.1
儿童配方奶粉(安儿健A+，美赞臣),428,17.9,11.1,64
儿童配方奶粉(适体健，美赞臣),417,16,9,68
儿童配方奶粉(惠氏),451,17,15,62
儿童配方奶粉(可淇牌),457,17,17,59
儿童配方奶粉(完达山牌),458,17,18,57
儿童配方奶粉(贝因美特选幼童配方奶粉4阶段),473,18,19.5,56.6
儿童配方奶粉(多美滋优阶儿童配方奶粉),406,19.6,10,59.4
儿童配方奶粉(惠氏金装学儿乐学龄前儿童配方奶粉),442,17,16,58.9
儿童配方奶粉(美素佳儿GOLD金装儿童配方奶粉),452,25.8,17,49
儿童配方奶粉(美赞臣安儿健儿童配方奶粉),434,20,12,63
儿童配方奶粉(明治珍爱童儿童配方奶粉),465,20,19,53.7
儿童配方奶粉(欧世蒙牛金装佳智学龄前儿童特殊配方奶粉4阶段),470,17.9,20.9,52.5
儿童配方奶粉(雀巢能恩全进口奶源儿童配方奶粉4),455,22,19,49
儿童配方奶粉(三元爱益儿童成长配方奶粉),500,20,20,60
儿童配方奶粉(完达山4段儿童奶粉),462,17.1,19.2,55.7
儿童配方奶粉(完达山金装元乳4段儿童奶粉),466,17.5,19.8,54.8
儿童配方奶粉(雪花学生特殊配方奶粉),461,17.5,19,55
儿童配方奶粉(雪花学生营养奶粉),463,17.8,19.5,54
儿童配方奶粉(雅培金装喜康宝儿童配方奶粉),444,17.5,15.9,58.1
儿童配方奶粉(雅士利儿童奶粉),460,21.6,18,53
儿童配方奶粉(伊利儿童配方奶粉),465,21,20,50.6
儿童配方奶粉(伊利金领冠儿童配方奶粉),467,21.5,20,50.6
儿童配方奶粉(伊利金装儿童配方奶粉),467,21.5,20,50.6
儿童配方奶粉(伊利学生营养奶粉),464,18,20,53
孕产妇配方奶粉(代表值),413,22,9.8,60.5
孕产妇配方奶粉(惠氏),405,16,6.8,70
孕产妇配方奶粉(美赞臣),380,23.3,3.9,62.4
孕产妇配方奶粉(贝因美冠军宝贝孕妈咪配方奶粉),425,22.5,12,59
孕产妇配方奶粉(贝因美金装爱+孕妈咪配方奶粉),434,22.5,12,59
孕产妇配方奶粉(贝因美金装爱＋准妈咪配方奶粉),426,22.5,10,61.5
孕产妇配方奶粉(多美滋优阶妈妈孕产妇配方奶粉),360,20.5,2.5,67.4
孕产妇配方奶粉(飞帆孕产妇配方乳粉),460,18,17.5,57.7
孕产妇配方奶粉(合生元金装妈妈配方奶粉),380,27,2.8,62.7
孕产妇配方奶粉(亨氏超金妈妈孕产妇配方奶粉),398,26,8,57
孕产妇配方奶粉(惠氏爱儿乐妈妈孕产妇配方奶粉),406,19,6.9,67
孕产妇配方奶粉(美素佳儿GOLD金装妈妈孕产妇配方奶粉),454,27,17.5,47.1
孕产妇配方奶粉(美赞臣安婴妈妈孕产妇配方奶粉),383,24,4.3,62
孕产妇配方奶粉(雀巢妈妈孕产妇奶粉),407,20,6.5,67
孕产妇配方奶粉(雀巢妈妈孕产妇营养配方奶粉),402,20,6,67
孕产妇配方奶粉(三元爱力优妈妈配方奶粉),438,22.5,13.8,56.3
孕产妇配方奶粉(圣元优博妈咪孕产妇配方奶粉),440,22,16,52
孕产妇配方奶粉(完达山妈咪配方奶粉),455,22.5,17.5,52.4
孕产妇配方奶粉(雅培妈妈喜康素金装孕产妇配方奶粉),367,23.1,2,66
孕产妇配方奶粉(雅士利能慧金装孕产妇奶粉),425,20.6,12.5,59
孕产妇配方奶粉(伊利金领冠妈妈配方奶粉),456,22,14,60.9
孕产妇配方奶粉(伊利孕妇奶粉),441,22,14,56.7
孕产妇配方羊奶粉(美可高特孕产妇配方羊奶粉),447,22,15.5,54.9
中老年配方奶粉(代表值),424,21.8,12.8,55.7
中老年配方奶粉(可淇牌),432,18,12,63
中老年配方奶粉(雀巢),429,30,14.4,44.8
中老年配方奶粉(森永牌),418,22,10,60
中老年配方奶粉(三元爱益中老年配方奶粉),448,20,13,63
中老年配方奶粉(雪花中老年特殊配方奶粉),432,20,13.6,58
中老年营养奶粉(雪花中老年营养奶粉),440,21,14,58
酸奶,70,3.2,1.9,10
酸奶（代表值，全脂）,86,2.8,2.6,12.9
酸奶(高蛋白),62,3.2,2.2,7.3
酸奶(脱脂),57,3.3,0.4,10
酸奶(低脂),64,2.7,1.9,9
酸奶(果料),67,3.1,1.4,10.4
酸奶(桔味，脱脂),48,3.2,0.3,8.2
酸奶(调味),88,3,3.2,11.9
酸奶(果粒),98,3.3,2.9,14.6
酸奶（全脂，多美鲜全脂果粒，草莓果粒/覆盆子果粒、桃果粒/西番莲汁/菠萝果粒）,111,1.6,2.8,19.9
酸奶（全脂，盖瑞牌，全脂风味发酵乳）,93,3.1,2.5,14.6
酸奶（全脂，花园牌）,77,1.6,2.8,11.3
酸奶（全脂，佳丽牌，益家全脂风味发酵乳）,95,2.9,3.1,13.8
酸奶（全脂，天润牌浓缩酸奶，全脂风味发酵乳）,95,3,2.9,14.1
酸奶（全脂，西域春牌新疆老酸奶，凝固型）,96,3.1,2.6,15.1
酸奶（低脂，艾美牌，草莓、芒果、蓝莓、覆盆子、菠萝味低脂风味发酵乳）,96,1.6,2.4,16.9
奶酪[干酪],328,25.7,23.5,3.5
奶豆腐(脱脂),343,53.7,2.5,26.5
奶豆腐(鲜),305,46.2,7.8,12.5
奶疙瘩[奶酪干，干酸奶],426,55.1,15,17.7
乳酪（契达干酪，普通),412,25.5,34.4,0.1
乳酪（契达干酪，脱脂),261,31.5,15,Tr
曲拉,356,39.1,2.9,43.4
乳酪（全脂软酪）,313,8.6,31,Tr
酸酪蛋,443,40.4,20.4,24.4
乳酪（羊乳酪）,250,15.6,20.2,1.5
乳酪（中脂软酪）,180,9.2,14.5,3.1
奶酪(光明牌),348,16.5,28.4,6.5
奶酪(骑士牌),386,23,25.4,16.3
低脂奶酪,241,21.6,11.6,12.6
硬质干酪,411,24.9,34.5,0.1
奶酪（爱氏晨曦牌，儿童奶酪条）,295,23.9,22.1,Tr
奶酪（百嘉儿童干酪条）,272,25,18.4,1.5
奶酪（多美鲜牌，欧洲奶油奶酪）,356,13.1,23.4,23.2
奶酪（天润牌，无限欢酪）,515,3.5,33,51
"酸奶疙瘩（干,农户家）",446,48.8,18.6,20.9
"酸奶疙瘩（干,市售）",451,31.1,27.6,19.6
"酸奶疙瘩（干,市售、加盐）",383,51.6,11.7,17.8
酸奶疙瘩（瑞缘牌，中脂特硬质干酪）,456,14.4,22.3,49.5
酸奶疙瘩(新鲜),275,18.6,16.8,12.4
乳品（奶油）,879,0.7,97,0.9
奶油(焦克),447,3,48.3,0
奶油(食品工业),504,1.1,55.5,0
黄油,888,1.4,98,0
黄油渣,599,11.1,43.8,40
白脱(食品工业)[牛油，黄油],744,—,82.7,0
酥油,860,1.5,94.4,1.1
奶油,785,1.1,86,1.7
酥油,718,0.7,74.9,10.3
酥油茶（原味）,465,3,17.7,73.3
炼乳(甜，罐头),332,8,8.7,55.4
奶皮子,460,12.2,42.9,6.3
奶片,472,13.3,20.2,59.3
全脂甜炼乳(雀巢),380,7.5,10,64.9
全脂甜炼乳(燕山牌),374,8.2,10,62.8
脱脂甜炼乳,275,10.3,0.2,58
蛋白粉(益力健乳铁乳清蛋白粉),425,50,12.5,28
牛初乳奶片(纽瑞滋牛初乳咀嚼奶片),347,27,4.5,49.5
奶渣,381,44.4,4.2,41.3
鸡蛋（代表值),139,13.1,8.6,2.4
鸡蛋(白皮),138,12.7,9,1.5
鸡蛋(土鸡),138,14.4,6.4,5.6
鸡蛋白,60,11.6,0.1,3.1
鸡蛋白(乌骨鸡),44,9.8,0.1,1
鸡蛋黄,328,15.2,28.2,3.4
鸡蛋黄(乌骨鸡),263,15.2,19.9,5.7
鸡蛋(红皮),143,12.2,10.5,0
鸡蛋（藏鸡蛋）,162,12.6,11.3,2.4
鸡蛋(乌鸡蛋，绿皮),170,12.6,10.6,6.1
鸡蛋粉[全蛋粉],545,43.4,36.2,11.3
鸡蛋黄粉,644,31.6,55.1,5.3
松花蛋（鸡蛋),178,14.8,10.6,5.8
鸡蛋(煮),143,12.1,10.5,0.1
毛蛋,176,14.2,13.2,0
荷包蛋(油煎),199,13.5,15,1.4
荷包蛋(煮),155,12.3,11.7,0.2
鸡蛋干（安井）,157,13.1,10.3,3
白皮鸡蛋（带壳）,138,12.7,9,1.5
白皮鸡蛋（去壳）,138,12.7,9,1.5
土鸡蛋（带壳）,138,14.4,6.4,5.6
土鸡蛋（去壳）,138,14.4,6.4,5.6
红皮鸡蛋（带壳）,143,12.2,10.5,0
红皮鸡蛋（去壳）,143,12.2,10.5,0
藏鸡蛋（带壳）,162,12.6,11.3,2.4
藏鸡蛋（去壳）,162,12.6,11.3,2.4
乌鸡蛋（带壳）,170,12.6,10.6,6.1
乌鸡蛋（去壳）,170,12.6,10.6,6.1
松花蛋（带壳）,178,14.8,10.6,5.8
松花蛋（去壳）,178,14.8,10.6,5.8
煮鸡蛋（带壳）,143,12.1,10.5,0.1
煮鸡蛋（去壳）,143,12.1,10.5,0.1
毛蛋（带壳）,176,14.2,13.2,0
毛蛋（去壳）,176,14.2,13.2,0
鸡蛋（带壳）,139,13.1,8.6,2.4
鸡蛋（去壳）,139,13.1,8.6,2.4
鸭蛋,180,12.6,13,3.1
鸭蛋白,47,9.9,—,1.8
鸭蛋黄,378,14.5,33.8,4
海鸭蛋,243,12.7,13.8,16.9
松花蛋（鸭蛋)[皮蛋],171,14.2,10.7,4.5
鸭蛋（咸鸭蛋，生）,190,12.7,12.7,6.3
鸭蛋（咸鸭蛋，煮),177,13.8,13.5,0
鸭蛋（带壳）,180,12.6,13,3.1
鸭蛋（去壳）,180,12.6,13,3.1
海鸭蛋（带壳）,243,12.7,13.8,16.9
海鸭蛋（去壳）,243,12.7,13.8,16.9
皮蛋（带壳）,171,14.2,10.7,4.5
皮蛋（去壳）,171,14.2,10.7,4.5
咸鸭蛋（生，带壳）,190,12.7,12.7,6.3
咸鸭蛋（生，去壳）,190,12.7,12.7,6.3
咸鸭蛋（煮，带壳）,177,13.8,13.5,0
咸鸭蛋（煮，去壳）,177,13.8,13.5,0
鹅蛋,196,11.1,15.6,2.8
鹅蛋白,48,8.9,—,3.2
鹅蛋黄,324,15.5,26.4,6.2
鹅蛋(煮),177,12.7,13.6,1
鹅蛋（带壳）,196,11.1,15.6,2.8
鹅蛋（去壳）,196,11.1,15.6,2.8
鹅蛋（煮，带壳）,177,12.7,13.6,1
鹅蛋（煮，去壳）,177,12.7,13.6,1
鹌鹑蛋,160,12.8,11.1,2.1
鹌鹑蛋(五香罐头),152,11.6,11.7,0
鹌鹑蛋（带壳）,160,12.8,11.1,2.1
鹌鹑蛋（去壳）,160,12.8,11.1,2.1
五香鹌鹑蛋（带壳）,152,11.6,11.7,0
五香鹌鹑蛋（去壳）,152,11.6,11.7,0
白条鱼(裸鱼),103,16.6,3.3,1.6
草鱼,113,16.6,5.2,0
赤眼鳟[金目鱼],109,18.1,4.1,0
鳡鱼[猴鱼],114,17.5,4.3,1.2
胡子鲇[塘虱(鱼)],146,15.4,8,3.1
黄颡鱼[戈牙鱼，黄鳍鱼],124,17.8,2.7,7.1
黄鳝[鳝鱼],89,18,1.4,1.2
黄鳝丝,69,15.4,0.8,0
尖嘴白,137,22.7,3.3,4.1
口头鱼,134,19.6,4.2,4.5
鲤鱼[鲤拐子],109,17.6,4.1,0.5
罗非鱼,98,18.4,1.5,2.8
罗非鱼(莫桑比克)[非洲黑鲫鱼],77,16,1,1
泥鳅,96,17.9,2,1.7
青鱼[青皮鱼，青鳞鱼，青混],118,20.1,4.2,0
乌鳢[黑鱼，乌鱼，生鱼],85,18.5,1.2,0
银鱼[面条鱼],105,17.2,4,0
湟鱼(裸鲤鱼),124,17.1,3.2,6.7
鲇鱼[胡子鲇，鲢胡，旺虾],103,17.3,3.7,0
鲒花,117,15.6,6.1,0
鲢鱼[白鲢、胖子、连子鱼],104,17.8,3.6,0
鲫鱼[喜头鱼、海附鱼],108,17.1,2.7,3.8
鲮鱼[雪鲮],95,18.4,2.1,0.7
鲮鱼(罐头),399,30.7,26.9,8.5
鳊鱼[鲂鱼，武昌鱼],135,18.3,6.3,1.2
鳗鲡[鳗鱼，河鳗],181,18.6,10.8,2.3
鳙鱼[胖头鱼，摆佳鱼，花鲢鱼],100,15.3,2.2,4.7
鳜鱼[桂鱼，花鲫鱼],117,19.9,4.2,0
鳟鱼[红鳟鱼],99,18.6,2.6,0.2
草鱼[白鲩、草包鱼],96,17.7,2.6,0.5
鲢鱼[白鲢、胖子、连子鱼],84,16.3,2.1,0
鲫鱼[喜头鱼、海附鱼],89,18,1.6,0.7
丁桂鱼,157,29.7,4.2,0.2
乌鳢(野生）[黑鱼，乌鱼，生鱼],105,19.9,2.3,1.1
花骨鱼,155,25.8,5.6,0.4
黄颡鱼[戈牙鱼，黄鳍鱼],161,17.3,10.2,Tr
回头鱼,107,14.5,5.3,0.4
鮰鱼,143,14.8,4.5,10.8
斑鳠[剑骨鱼],135,16.8,7.3,Tr
抗浪鱼,174,16.6,11,2.1
蓝鳃太阳鱼,93,17.8,2.3,0.3
钳鱼,212,29.2,10.3,0.7
翘嘴红鲌（鲜）,123,18.1,5.6,0.1
鲥鱼,189,20.8,11.3,0.9
武昌鱼,142,27,3.5,0.7
鲟鱼,100,23.4,0.4,0.6
雅鱼,131,26.5,2.7,0.1
胭脂鱼（养殖）,162,38.8,0.6,0.4
棒棒鱼（雅江冷水鱼）,118,27.1,1.1,Tr
尖嘴鱼（雅江冷水鱼）,107,17.1,2.2,4.6
胡子鱼（雅江冷水鱼）,99,17.4,1.3,4.4
白姑鱼[白米子(鱼)],150,19.1,8.2,0
参鱼[蓝圆参，边鱼],124,18.5,3.4,4.8
带鱼[白带鱼，刀鱼],127,17.7,4.9,3.1
堤鱼,191,17.6,12.8,1.3
丁香鱼(干),196,37.5,3.1,4.6
狗母鱼[大头狗母鱼],100,16.7,2.3,3
海鲫鱼[九九鱼],206,17,13.7,3.6
海鳗[鲫勾],122,18.8,5,0.5
红娘鱼[翼红娘鱼],105,18,2.8,1.9
黄姑鱼[黄婆鸡],137,18.4,7,0
黄鱼(大黄花鱼),97,17.7,2.5,0.8
黄鲂[赤虹，老板鱼],81,18.5,0.5,0.6
金线鱼[红三鱼],101,18.6,2.9,0
绿鳍马面鲀[面包鱼，橡皮鱼],83,18.1,0.6,1.2
梅童鱼[大头仔鱼，丁珠鱼],121,18.9,5,0
沙丁鱼[沙鲻],89,19.8,1.1,0
沙钻鱼[多鳞喜，沙梭，麦穗鱼],84,18.4,0.6,1.2
蛇鲻[沙梭鱼],122,20.8,4.2,0.3
舌鳎[花纹舌头，舌头鱼],83,17.7,1.4,0
油抒[香梭鱼],145,15.9,9,0
颚针鱼[针量鱼],180,20.2,10.4,1.4
鲅鱼[马鲛鱼，燕鲅鱼，巴鱼],121,21.2,3.1,2.1
鲅鱼(咸)[咸马胶],157,23.3,1.6,12.4
鲆[片口鱼，比目鱼],112,20.8,3.2,0
鲈鱼[鲈花],105,18.6,3.4,0
鲐鱼[青鲐鱼，鲐巴鱼，青砖鱼],155,19.9,7.4,2.2
"鲑鱼[大马哈鱼,三文鱼]",139,17.2,7.8,0
"鲑鱼籽酱[大马哈鱼籽酱,三文鱼籽酱]",252,10.9,16.8,14.4
鲚鱼(大)[大凤尾鱼],106,13.2,5.5,0.8
鲚鱼(小)[小凤尾鱼],124,15.5,5.1,4
鲨鱼（真鲨，白斑角鲨）,118,22.2,3.2,0
鲳鱼（银鲳鱼）[平鱼],140,18.5,7.3,0
鲷[黑鲷，铜盆鱼，大目鱼],106,17.9,2.6,2.7
鲻鱼[白眼棱鱼],119,18.9,4.8,0
鲽[比目鱼，凸眼鱼],107,21.1,2.3,0.5
鳐鱼[夫鱼],90,20.8,0.7,0
鳓鱼[快鱼，力鱼],159,20.7,8.5,0
鳕鱼[鳕狭，明太鱼],88,20.4,0.5,0.5
鳘鱼,89,20.2,0.9,0
带鱼(切段),108,17.6,4.2,0
黄鱼(小黄花鱼),114,17,5.1,0
金鳇鱼,99,18.7,2.7,0
鲭鱼,413,14.4,39.4,0.2
双髻鲨,111,27.4,0.1,0
紫青低纹鮨（冰鲜）,150,20.5,7.2,0.8
鮟鱇鱼,60,13.7,0.6,Tr
鲳鱼（刺鲳，鲜）,149,16.8,6.5,5.9
大菱鲆鱼（鲜）[多宝鱼],81,17,1.1,0.7
海鲈鱼（鲜）,112,19.5,3.6,0.4
红鳍笛鲷[红鱼],134,20.1,4.8,2.7
黄姑鱼（鲜）,88,14.7,0.7,5.6
鲅鱼[马鲛鱼],194,18.7,11.3,4.4
石斑鱼(老虎斑）,130,20.2,4.3,2.7
石斑鱼（红石斑鱼）,90,19.9,0.4,1.6
石斑鱼（黑石斑鱼）,95,20.2,1.2,0.9
石斑鱼（花石斑鱼）,95,20.2,0.8,1.7
苏眉鱼,70,16.5,0.4,Tr
青衣（红色）,84,20.1,0.3,0.2
青衣(孔雀绿色）,82,19.2,0.3,0.6
笠鱼,97,22.2,0.5,0.9
金枪鱼肉,102,23.7,0.3,1.1
鲅鱼肉[马鲅鱼肉],102,23.7,0.3,1
刺泡鱼[刺鲍鱼],94,23,0.2,Tr
鱼片干,303,46.1,3.4,22
鱼奇油[鱼露，虾油],47,11.2,0.2,0
鱼排,160,10.1,2.4,24.5
鱼丸,107,11.1,1.3,12.7
鱼子酱,201,9.6,7.1,24.7
草鱼(熏),283,24,16.5,9.6
丁香鱼(香辣味),403,19,28.2,18.3
凤尾鱼(熟),520,23.5,43,9.7
箭鱼(炸),271,20.8,16.1,10.7
金枪鱼(盐水浸),99,23.5,0.6,0
金枪鱼(油浸),189,27.1,9,0
鲮鱼(豆豉，熟),472,25.5,33.1,17.9
鳗鱼(红烧),211,21.3,9.8,9.5
鲭鱼(烤，150℃，20分),390,19.1,34.8,0
鲭鱼(炸),550,17.2,53.4,0.1
鲭鱼(蒸),390,14.6,36.5,0.7
鲭鱼(煮),372,14.9,34.5,0.4
沙丁鱼(茄汁，熟),155,13.8,9.8,3
沙丁鱼(盐水浸),172,21.5,9.6,0
沙丁鱼(油浸),220,23.3,14.1,0
午餐鱼(香辣味),383,24.4,30.2,3.3
鳕鱼(烤),96,21.4,1.2,Tr
鳕鱼(炸),241,12.4,14.3,15.6
鳀鱼US,131,20.4,4.8,0
细须石首鱼US,104,17.8,3.2,0
彩虹香鱼US,97,17.6,2.4,0
石斑鱼US,92,19.4,1,0
鲻鱼US,117,19.4,3.8,0
白条鱼（整条鱼）,103,16.6,3.3,1.6
白条鱼肉,103,16.6,3.3,1.6
草鱼（整条鱼）,113,16.6,5.2,0
草鱼肉,113,16.6,5.2,0
黄鳝肉,89,18,1.4,1.2
鲤鱼（整条鱼）,109,17.6,4.1,0.5
鲤鱼肉,109,17.6,4.1,0.5
罗非鱼（整条鱼）,98,18.4,1.5,2.8
罗非鱼肉,98,18.4,1.5,2.8
青鱼（整条鱼）,118,20.1,4.2,0
青鱼肉,118,20.1,4.2,0
胡子鲇（整条鱼）,103,17.3,3.7,0
胡子鲇肉,103,17.3,3.7,0
鲒花（整条鱼）,117,15.6,6.1,0
鲒花肉,117,15.6,6.1,0
鲮鱼（整条鱼）,95,18.4,2.1,0.7
鲮鱼肉,95,18.4,2.1,0.7
胖头鱼（整条鱼）,100,15.3,2.2,4.7
胖头鱼肉,100,15.3,2.2,4.7
鳜鱼（整条鱼）,117,19.9,4.2,0
鳜鱼肉,117,19.9,4.2,0
红鳟鱼（整条鱼）,99,18.6,2.6,0.2
红鳟鱼肉,99,18.6,2.6,0.2
草鱼/皖鱼（整条鱼）,96,17.7,2.6,0.5
草鱼/皖鱼肉,96,17.7,2.6,0.5
鲢鱼（整条鱼）,84,16.3,2.1,0
鲢鱼肉,84,16.3,2.1,0
鲫鱼（整条鱼）,89,18,1.6,0.7
鲫鱼肉,89,18,1.6,0.7
黑鱼（整条鱼）,105,19.9,2.3,1.1
黑鱼肉,105,19.9,2.3,1.1
黄颡鱼（整条鱼）,161,17.3,10.2,Tr
黄颡鱼肉,161,17.3,10.2,Tr
鲥鱼 （整条鱼）,189,20.8,11.3,0.9
鲥鱼肉,189,20.8,11.3,0.9
武昌鱼（整条鱼）,142,27,3.5,0.7
武昌鱼肉,142,27,3.5,0.7
带鱼（整条鱼）,127,17.7,4.9,3.1
带鱼肉,127,17.7,4.9,3.1
黄姑鱼（整条鱼）,137,18.4,7,0
黄姑鱼肉,137,18.4,7,0
沙丁鱼（整条鱼）,89,19.8,1.1,0
沙丁鱼肉,89,19.8,1.1,0
鲈鱼（整条鱼）,105,18.6,3.4,0
鲈鱼肉,105,18.6,3.4,0
鲑鱼（整条鱼）,139,17.2,7.8,0
鲑鱼肉,139,17.2,7.8,0
鲳鱼（整条鱼）,140,18.5,7.3,0
鲳鱼肉,140,18.5,7.3,0
鳕鱼（整条鱼）,88,20.4,0.5,0.5
鳕鱼肉,88,20.4,0.5,0.5
多宝鱼（整条鱼）,81,17,1.1,0.7
多宝鱼肉,81,17,1.1,0.7
海鲈鱼（整条鱼）,112,19.5,3.6,0.4
海鲈鱼肉,112,19.5,3.6,0.4
石斑鱼（整条鱼）,130,20.2,4.3,2.7
石斑鱼肉,130,20.2,4.3,2.7
白米虾[水虾米],81,17.3,0.4,2
斑节对虾[草虾],103,18.6,0.8,5.4
长毛对虾[大虾，白露虾],90,18.5,0.4,3
蝲蛄[刺蛄，大头虾],77,16,1.4,0
东方对虾[中国对虾],84,18.3,0.5,1.6
对虾,93,18.6,0.8,2.8
海虾,79,16.8,0.6,1.5
河虾,87,16.4,2.4,0
基围虾,101,18.2,1.4,3.9
江虾[沼虾],87,10.3,0.9,9.3
龙虾,90,18.9,1.1,1
明虾,85,13.4,1.8,3.8
塘水虾[草虾],96,21.2,1.2,0
虾虎,81,11.6,1.7,4.8
螯虾,93,14.8,3.8,0
北极虾,132,14.9,1.2,15.4
九节虾（鲜）,90,21.4,0.1,0.8
口虾蛄[皮皮虾],82,14.8,1.7,1.8
罗氏沼虾,91,20.6,0.8,Tr
南美白对虾,83,19.4,0.2,0.8
青虾,100,23.8,0.4,0.2
琼海虾,56,8.9,1.8,0.9
虾米[海米，虾仁],198,43.7,2.6,0
虾脑酱,100,15.2,4.3,0
虾酱,112,10.8,7.6,0
虾仁(红),48,10.4,0.7,0
虾皮,153,30.7,2.2,2.5
虾仁,199,20.8,0.6,27.7
虾仁肉丸,152,4.6,7.4,16.7
混合虾US,71,13.6,1,0.9
白米虾（整只虾）,81,17.3,0.4,2
白米虾肉,81,17.3,0.4,2
斑节对虾（整只虾）,103,18.6,0.8,5.4
斑节对虾肉,103,18.6,0.8,5.4
对虾（整只虾）,93,18.6,0.8,2.8
对虾肉,93,18.6,0.8,2.8
海虾（整只虾）,79,16.8,0.6,1.5
海虾肉,79,16.8,0.6,1.5
河虾（整只虾）,87,16.4,2.4,0
河虾肉,87,16.4,2.4,0
基围虾（整只虾）,101,18.2,1.4,3.9
基围虾肉,101,18.2,1.4,3.9
江虾（整只虾）,87,10.3,0.9,9.3
龙虾（整只虾）,90,18.9,1.1,1
龙虾肉,90,18.9,1.1,1
明虾（整只虾）,85,13.4,1.8,3.8
明虾肉,85,13.4,1.8,3.8
草虾（整只虾）,96,21.2,1.2,0
草虾肉,96,21.2,1.2,0
虾虎（整只虾）,81,11.6,1.7,4.8
虾虎肉,81,11.6,1.7,4.8
螯虾（整只虾）,93,14.8,3.8,0
鳌虾肉,93,14.8,3.8,0
皮皮虾（整只虾）,82,14.8,1.7,1.8
皮皮虾肉,82,14.8,1.7,1.8
蟹（海蟹）,95,13.8,2.3,4.7
蟹（河蟹）,103,17.5,2.6,2.3
踞缘青蟹[青蟹],80,14.6,1.6,1.7
梭子蟹,95,15.9,3.1,0.9
蟹肉,62,11.6,1.2,1.1
海蟹(小),81,14.2,1.1,3.6
锯缘青蟹（公）（鲜）,126,16.7,5.2,3.1
锯缘青蟹（母）（鲜）,155,17.3,7.5,4.5
大闸蟹（母）,156,21,7.7,0.6
海蟹（公）,85,18,0.3,2.5
海蟹（母）,64,14.2,0.3,1.2
蟹足棒,123,9,0.6,20.5
蟹膏（大闸蟹，蒸）,167,15.4,9.8,4.4
蟹肉（大闸蟹，公，蒸）,128,24.2,3.4,Tr
蟹黄（大闸蟹，蒸）,255,24,17.2,1.2
蟹肉（大闸蟹，母，蒸）,131,22.4,4.2,0.9
梭子蟹(公，蒸）,79,19,0.2,Tr
梭子蟹(母，蒸）,101,24.1,0.4,Tr
帝王蟹US,84,18.3,0.6,0
蓝蟹US,87,18.1,1.1,0
珍宝蟹US,86,17.4,1,0.7
雪蟹US,90,18.5,1.2,0
海蟹（带壳）,95,13.8,2.3,4.7
海蟹（去壳）,95,13.8,2.3,4.7
河蟹（带壳）,103,17.5,2.6,2.3
河蟹（去壳）,103,17.5,2.6,2.3
踞缘青蟹（带壳）,80,14.6,1.6,1.7
锯缘青蟹（去壳）,80,14.6,1.6,1.7
梭子蟹（带壳）,95,15.9,3.1,0.9
梭子蟹（去壳）,95,15.9,3.1,0.9
大闸蟹（带壳）,156,21,7.7,0.6
大闸蟹（去壳）,156,21,7.7,0.6
公梭子蟹（蒸，带壳）,79,19,0.2,Tr
公梭子蟹（蒸，去壳）,79,19,0.2,Tr
母梭子蟹（蒸，带壳）,101,24.1,0.4,Tr
母梭子蟹（蒸，去壳）,101,24.1,0.4,Tr
鲍鱼[杂色鲍],84,12.6,0.8,6.6
鲍鱼(干),322,54.1,5.6,13.7
蛏子,40,7.3,0.3,2.1
蛏干[蛏子缢，蛏青子],340,46.5,4.9,27.4
赤贝,61,13.9,0.6,0
河蚌,54,10.9,0.8,0.7
河蚬[蚬子],47,7,1.4,1.7
牡蛎[海蛎子],73,5.3,2.1,8.2
生蚝,57,10.9,1.5,0
泥蚶[血蚶，珠蚶],71,10,0.8,6
扇贝(鲜),60,11.1,0.6,2.6
扇贝(干)[干贝],264,55.6,2.4,5.1
鲜贝,77,15.7,0.5,2.5
银蚶[蚶子],71,12.2,1.4,2.3
贻贝(鲜)[淡菜，壳菜],80,11.4,1.7,4.7
贻贝(干)[淡菜，壳菜],355,47.8,9.3,20.1
海蚌[西施舌],42,9.5,0.3,0.2
鲍鱼（皱纹鲍）,75,13.7,0.1,4.8
蛤蜊(均值),62,10.1,1.1,2.8
蛤蜊(花蛤蜊),45,7.7,0.6,2.2
蛤蜊(毛蛤蜊),97,15,1,7.1
蛤蜊(秋蛤蜊),89,15.6,0.7,5
蛤蜊(沙蛤蜊),56,8.9,1.9,0.8
蛤蜊(杂色蛤蜊),53,7.5,2.2,0.7
螺(均值),100,15.7,1.2,6.6
红螺,119,20.2,0.9,7.6
黄螺[东风螺],106,19.8,1,4.5
螺蛳,59,7.5,0.6,6
石螺,90,12.8,0.7,8.2
田螺,60,11,0.2,3.6
香海螺,163,22.7,3.5,10.1
海蚌（鲜）,51,6.9,0.2,5.5
海蚌（漳港海蚌，鲜）,64,9.4,0.7,4.9
蛏子（焯）,67,13.5,0.9,1.1
缢蛏（鲜）,73,8.6,1.8,5.6
牛角江珧蛤（鲜）[长带子],49,7.1,0.5,4
文蛤（鲜）,56,9.2,0.7,3.2
血蚶（鲜）,51,8.2,0.5,3.3
六角螺（鲜）,118,23.5,0.5,4.8
海螺肉（干）,295,65.7,0.5,7
文蛤丸,211,16.2,9.2,15.8
蛏子（带壳）,40,7.3,0.3,2.1
蛏子肉,40,7.3,0.3,2.1
赤贝（带壳）,61,13.9,0.6,0
赤贝肉,61,13.9,0.6,0
河蚌（带壳）,54,10.9,0.8,0.7
河蚌肉,54,10.9,0.8,0.7
蚬子（带壳）,47,7,1.4,1.7
蚬子肉,47,7,1.4,1.7
扇贝（带壳）,60,11.1,0.6,2.6
扇贝肉,60,11.1,0.6,2.6
贻贝（带壳）,80,11.4,1.7,4.7
海虹肉,80,11.4,1.7,4.7
鲍鱼（带壳）,75,13.7,0.1,4.8
鲍鱼肉,75,13.7,0.1,4.8
田螺（带壳）,60,11,0.2,3.6
田螺肉,60,11,0.2,3.6
海蚌（带壳）,51,6.9,0.2,5.5
海蚌肉,51,6.9,0.2,5.5
蛏子（焯，带壳）,67,13.5,0.9,1.1
蛏子（焯，去壳）,67,13.5,0.9,1.1
缢蛏（带壳）,73,8.6,1.8,5.6
缢蛏（去壳）,73,8.6,1.8,5.6
牛角江珧蛤（带壳）,49,7.1,0.5,4
牛角江珧蛤（去壳）,49,7.1,0.5,4
文蛤（带壳）,56,9.2,0.7,3.2
文蛤（去壳）,56,9.2,0.7,3.2
血蚶（带壳）,51,8.2,0.5,3.3
血蚶（去壳）,51,8.2,0.5,3.3
六角螺（带壳）,118,23.5,0.5,4.8
六角螺（去壳）,118,23.5,0.5,4.8
蛤蜊（带壳）,62,10.1,1.1,2.8
蛤蜊肉,62,10.1,1.1,2.8
螺（带壳）,100,15.7,1.2,6.6
螺肉,100,15.7,1.2,6.6
海参,78,16.5,0.2,2.5
海参(干),262,50.2,4.8,4.5
海参(水浸),25,6,0.1,0
海蜇皮,33,3.7,0.3,3.8
海蜇头,74,6,0.3,11.8
墨鱼（鲜，曼氏无针乌贼）,83,15.2,0.9,3.4
墨鱼(干，曼氏无针乌贼）,287,65.3,1.9,2.1
鱿鱼(鲜，中国枪乌贼）[枪乌贼],84,17.4,1.6,0
鱿鱼(干，中国枪乌贼）,313,60,4.6,7.8
鱿鱼(水浸),75,17,0.8,0
乌鱼蛋,66,14.1,1.1,0
章鱼(章鱼肉）[八爪鱼],52,10.6,0.4,1.4
章鱼[八爪鱼],135,18.9,0.4,14
甲鱼蛋,128,12.5,7.3,3
乌龟（龟板）,466,9.9,44.4,6.8
乌龟（肉）,250,14.5,21.1,0.4
金鲨鱼翅（干）,350,84.1,0.5,2.3
鱼翅（干）,362,88.4,0.9,0
棘参（鲜）,21,4.1,0,1.2
海参（干）,302,64,0.9,9.5
梅花参（泡发）,73,11.7,0.9,4.5
墨鱼（干),313,71.6,1.1,4.2
墨鱼圈,72,13,2.2,0
墨鱼丸,128,13.4,4.7,8
甜不辣（安井）,159,9.9,8.7,10.4
1段配方奶粉,511,11.7,26.6,56.7
婴儿配方奶粉（爱+新生儿配方奶粉1阶段）,517,12,27,56.9
婴儿配方奶粉（爱+婴儿配方奶粉2阶段）,515,12.5,27,55.9
婴儿配方奶粉（贝因美初生婴儿配方奶粉）,514,12.3,26.8,56.2
婴儿配方奶粉（超级飞帆婴儿配方奶粉Ⅳ）,519,12,27.1,57.6
婴儿配方奶粉（多美滋多乐加婴儿配方奶粉1阶段）,503,11.1,25.8,57.4
婴儿配方奶粉（多美滋优阶贝护婴儿配方奶粉）,484,10.4,26,52.2
婴儿配方奶粉（飞帆婴儿配方奶粉Ⅱ）,518,12,27,57.6
婴儿配方奶粉（合生元超级呵护婴儿配方奶粉1阶段）,503,11.8,25,58.7
婴儿配方奶粉（亨氏超金康儿高婴儿配方奶粉1阶段）,501,11,26,57.3
婴儿配方奶粉（惠氏金装爱儿乐婴儿配方奶粉）,534,11,29,58.4
婴儿配方奶粉（美素佳儿GOLD金装婴儿配方奶粉）,510,10.6,27,57.1
婴儿配方奶粉（美赞臣安婴儿婴儿配方奶粉）,514,10.5,26,61
婴儿配方奶粉（明治珍爱儿婴儿配方奶粉）,513,12.2,25.9,58.8
婴儿配方奶粉（能慧金装婴儿配方奶粉）,508,11.5,27.3,55.1
婴儿配方奶粉（雀巢力多精婴儿配方奶粉1）,502,10.3,25.5,58.9
婴儿配方奶粉（雀巢能恩全进口奶源婴儿配方奶粉1）,515,9.9,27.2,57.6
婴儿配方奶粉（三元爱力优婴儿配方奶粉）,520,12.5,27.8,55.5
婴儿配方奶粉（三元爱欣宝金装婴儿配方奶粉）,517,12.5,27.3,56.1
婴儿配方奶粉（三元爱欣宝婴儿配方奶粉）,517,12.8,27.2,56.1
婴儿配方奶粉（三元金装爱力优婴儿配方奶粉）,515,12.5,27.5,55
婴儿配方奶粉（圣元优博爱系列1婴儿配方奶粉）,511,11.6,27,55.3
婴儿配方奶粉（圣元优聪金装婴儿配方奶粉）,493,11.8,25,55.2
婴儿配方奶粉（特选初生婴儿配方奶粉1阶段）,514,12.3,26.8,56.2
婴儿配方奶粉（完达山1段配方奶粉婴儿配方奶粉）,509,12.5,26,56.5
婴儿配方奶粉（完达山金装元乳婴儿配方奶粉）,509,12.5,26,56.5
婴儿配方奶粉（完达山育儿慧金装婴儿配方奶粉1阶段）,508,12.4,25.8,56.8
婴儿配方奶粉（完达山元乳婴儿配方奶粉1阶段）,509,12.5,26,56.5
婴儿配方奶粉（雅培金装喜康宝婴儿配方奶粉）,503,10.6,26,58.2
婴儿配方奶粉（雅士利α-金装婴儿配方奶粉）,508,11.8,27.1,55.2
婴儿配方奶粉（伊利金领冠婴儿配方奶粉）,507,11.1,27.5,54.3
婴儿配方奶粉（伊利金装婴儿配方奶粉）,517,10.9,27,60.5
婴儿配方奶粉（伊利婴儿配方奶粉）,509,11,27,56
婴儿配方羊奶粉（美可高特小婴儿配方羊奶粉）,507,13.6,25.5,55.9
婴儿配方豆粉（三元爱力优豆基婴儿配方粉）,520,13.3,27.6,54.7
较大婴儿配方奶粉（超级飞帆较大婴儿配方奶粉Ⅳ）,482,15.2,21.5,57.6
2段配方奶粉,478,15.9,21.4,56.1
较大婴儿配方奶粉（多美滋多领加较大婴儿配方奶粉2阶段）,477,16,21.3,56.1
较大婴儿配方奶粉（多美滋优阶贝护延续较大婴儿配方奶粉）,455,15.2,20.4,52.6
较大婴儿配方奶粉（飞帆较大婴儿配方奶粉Ⅱ）,482,15,21.5,57.8
较大婴儿配方奶粉（合生元超级呵护较大婴儿配方奶粉2阶段）,483,15,22.5,56.5
较大婴儿配方奶粉（亨氏超金智儿高较大婴儿配方奶粉2段）,477,15.5,21,57.8
较大婴儿配方奶粉（惠氏金装健儿乐较大婴儿和幼儿配方奶粉）,482,15,22,57.2
较大婴儿配方奶粉（美素佳儿GOLD金装较大婴儿配方奶粉）,478,14.7,21,59
较大婴儿配方奶粉（美赞臣安婴宝较大婴儿配方奶粉）,473,15.2,18.9,61.8
较大婴儿配方奶粉（明治珍爱宝较大婴儿和幼儿配方奶粉）,468,14.5,18,62.9
较大婴儿配方奶粉（能慧金装较大婴儿配方奶粉）,475,17.1,21.5,54.3
较大婴儿配方奶粉（欧世蒙牛金装佳智较大婴儿配方奶粉2阶段）,474,15.2,22.9,51.8
较大婴儿配方奶粉（完达山2段配方奶粉较大婴儿配方奶粉）,485,16,22.5,55.1
较大婴儿配方奶粉（完达山金装元乳较大婴儿配方奶粉）,489,15.8,22.5,56.3
较大婴儿配方奶粉（完达山育儿慧金装较大婴儿配方奶粉2阶段）,485,15.9,22.5,55.2
较大婴儿配方奶粉（完达山元乳较大婴儿配方奶粉2阶段）,489,15.8,22.5,56.2
较大婴儿配方奶粉（雅士利α-金装较大婴儿配方奶粉）,475,17.5,21.3,54.2
较大婴儿配方羊奶粉（美可高较大婴儿配方羊奶粉）,494,20.9,25.1,46.6
较大婴儿和幼儿配方奶粉（爱+婴幼儿配方奶粉3阶段）,483,15.8,21.5,56.9
较大婴儿和幼儿配方奶粉（爱+婴幼儿配方奶粉4阶段）,481,16.5,21,56.9
较大婴儿和幼儿配方奶粉（贝因美较大婴儿配方奶粉）,488,15.8,22.5,56
较大婴儿和幼儿配方奶粉（超级能恩较大婴儿及幼儿配方奶粉2段）,494,14.8,22.7,57.6
较大婴儿和幼儿配方奶粉（雀巢力多精较大幼儿及幼儿配方奶粉2）,470,14.8,19.8,59.1
较大婴儿和幼儿配方奶粉（雀巢能恩全进口奶源较大婴儿及幼儿配方奶粉2）,478,15,20.2,59.1
较大婴儿和幼儿配方奶粉（三元爱力优较大婴儿及幼儿配方奶粉）,462,16.6,19.6,55.2
较大婴儿和幼儿配方奶粉（三元爱欣宝金装较大婴儿及幼儿配方奶粉）,462,16.5,19.7,55.6
较大婴儿和幼儿配方奶粉（三元金装爱力优较大婴儿及幼儿配方奶粉）,465,16.4,20,55.2
较大婴儿和幼儿配方奶粉（圣元优博爱系列2较大婴儿及幼儿配方奶粉）,481,15,21.8,56.1
较大婴儿和幼儿配方奶粉（圣元优聪金装较大婴儿及幼儿配方奶粉）,482,15.5,21.5,56.5
较大婴儿和幼儿配方奶粉（特选宝宝成长配方奶粉2阶段）,488,15.8,22.5,56
较大婴儿和幼儿配方奶粉（雅培金装喜康宝较大婴幼儿配方奶粉）,487,17,23.8,52.6
较大婴儿和幼儿配方奶粉（雅培琴护金装较大婴儿及幼儿配方奶粉2阶段）,493,15.5,23.8,54.7
较大婴儿和幼儿配方奶粉（伊利较大婴幼儿配方奶粉）,463,16.4,19,57.1
较大婴儿和幼儿配方奶粉（伊利金领冠较大婴儿及幼儿配方奶粉）,470,17,20.5,54.9
较大婴儿和幼儿配方奶粉（伊利金装较大婴幼儿配方奶粉）,467,16.2,20,56
幼儿配方奶粉（贝因美幼儿成长配方奶粉）,484,16.5,21.6,56.2
3段配方奶粉,494,13.8,24,56.4
幼儿配方奶粉（超级飞帆幼儿配方奶粉Ⅳ）,467,18.3,19,56.4
幼儿配方奶粉（超级能恩幼儿配方奶粉3段）,494,14.8,22.7,57.6
幼儿配方奶粉（多美滋多学1加幼儿配方奶粉3阶段）,450,16,16,61.1
幼儿配方奶粉（多美滋优阶幼儿配方奶粉）,438,16,16,57.6
幼儿配方奶粉（多美滋幼衡多营养幼儿配方奶粉）,449,16,16,60.9
幼儿配方奶粉（飞帆幼儿配方奶粉Ⅱ）,467,18,19,56.7
幼儿配方奶粉（合生元超极呵护幼儿配方奶粉3阶段）,464,15,19,59.8
幼儿配方奶粉（亨氏超金学儿高幼儿配方奶粉3段）,476,16.5,21,56.4
幼儿配方奶粉（惠氏金装膳儿加幼儿全营养配方奶粉）,455,16,16,62.4
幼儿配方奶粉（惠氏金装幼儿乐幼儿配方奶粉）,443,15,16,60.7
幼儿配方奶粉（美素佳儿GOLD金装幼儿配方奶粉）,449,17.1,16.2,59.9
幼儿配方奶粉（美赞臣安儿宝幼儿配方奶粉）,451,17.5,16.5,58
幼儿配方奶粉（能慧金装幼儿配方奶粉）,476,18,21.5,53.5
幼儿配方奶粉（欧世蒙牛金装佳智幼儿配方奶粉3阶段）,466,16.2,21.3,52.5
幼儿配方奶粉（雀巢力多精幼儿配方奶粉3）,353,14.8,19.8,29.7
幼儿配方奶粉（雀巢能恩全进口奶源幼儿配方奶粉3）,478,15,20.2,59.1
幼儿配方奶粉（三元爱力优幼儿配方奶粉）,465,18.6,19.5,54.1
幼儿配方奶粉（三元爱欣宝金装幼儿配方奶粉）,465,18.5,19.5,54.8
幼儿配方奶粉（三元爱欣宝幼儿配方奶粉）,464,18.1,19.5,54.9
幼儿配方奶粉（三元金装爱力优幼儿配方奶粉）,458,18.2,19,54.1
幼儿配方奶粉（圣元优博爱系列3幼儿配方奶粉）,460,16.8,18,57.6
幼儿配方奶粉（圣元优聪金装幼儿配方奶粉）,467,16.8,18.5,58.2
幼儿配方奶粉（特选健儿成长配方奶粉3阶段）,484,16.5,21.6,56.2
幼儿配方奶粉（完达山3段配方奶粉幼儿配方奶粉）,483,16.2,22,55.4
幼儿配方奶粉（完达山金装元乳幼儿配方奶粉）,487,16,22,56.7
幼儿配方奶粉（完达山育儿慧金装幼儿配方奶粉3阶段）,483,16,22,55.6
幼儿配方奶粉（完达山元乳幼儿配方奶粉3阶段）,486,16,22,56.5
幼儿配方奶粉（雅培金装喜康宝幼儿配方奶粉）,487,17,23.8,52.6
幼儿配方奶粉（雅培金装小安素全营养幼儿配方粉）,457,15,17.1,62.3
幼儿配方奶粉（雅士利α-金装幼儿配方奶粉）,473,18.3,21,53.7
幼儿配方奶粉（伊利金领冠幼儿配方奶粉）,470,17.5,20.5,54.3
幼儿配方奶粉（伊利金装幼儿配方奶粉）,457,17,17.8,57.6
幼儿配方奶粉（伊利幼儿配方奶粉）,459,17.6,19,54.9
幼儿配方奶粉（美可高特幼儿配方奶粉）,493,20.8,25,46.5
婴儿配方奶粉（超级能恩乳蛋白部分水解婴幼儿配方奶粉1段）,513,9.8,26,59.9
婴儿配方奶粉（雅培金装亲护乳蛋白部分水解婴幼儿配方奶粉1阶段）,512,11.8,27.5,54.9
婴儿配方奶粉（惠氏S-26金装爱儿加早产儿出院后配方奶粉）,524,14,28,54
米粉（贝因美果蔬多为营养米粉）,418,8,6,83.3
加铁米粉,384,7,1.7,86
米粉（贝因美乳清蛋白营养米粉）,418,6,6,83.3
米粉（多口味装）（亨氏多口味装婴儿营养米粉）,407,5.4,5,85.4
米粉（亨氏黑米红枣营养粉五谷系列米粉6至36个月适用）,414,12,5,80.4
米粉（亨氏胡萝卜营养米粉1段）,407,5.4,5,85.4
米粉(亨氏淮山薏米营养米粉清润系列1段）,407,5.4,5,85.4
米粉（亨氏混合蔬菜营养米粉辅食添加初期至36个月适用）,407,5.4,5,85.4
米粉（亨氏鸡肉蔬菜营养米粉肉鱼系列米粉6月至36个月适用）,414,12,5,80.4
米粉(亨氏南瓜营养米粉1段）,407,5.4,5,85.4
米粉（亨氏五谷杂粮营养米粉五谷系列米粉8至36个月）,415,13,5,79.8
米粉（亨氏鳕鱼苹果营养米粉6至36个月适用）,414,12,5,80.4
米粉（亨氏婴儿营养米粉辅食添加初期至36个月适用）,407,5.4,5,85.4
米粉（亨氏鱼肉蔬菜营养米粉6至36个月适用）,414,12,5,80.4
米粉（亨氏猪肝蔬菜营养米粉6至36个月适用）,414,12,5,80.4
米粉（嘉宝缤纷水果营养米粉2阶段）,385,6.2,1.9,87.2
米粉（嘉宝菠菜营养米粉2阶段）,385,6.4,1.9,87
米粉（嘉宝番茄牛肉营养米粉3阶段）,386,7.2,1.9,86.2
米粉（嘉宝胡萝卜营养米粉1阶段）,385,6.4,1.9,87
米粉（嘉宝燕麦营养米粉3阶段）,382,9.5,1.5,84.5
米粉（嘉宝营养米粉1阶段）,386,6.4,1.9,87
米粉（金装宝贝营养菠菜营养米粉）,385,6.4,1.9,87
米粉（金装宝贝营养钙铁锌营养米粉）,386,6.4,1.9,87
米粉（金装宝贝营养什锦水果营养米粉）,385,6.2,1.9,87.2
米粉（金装宝贝营养西红柿牛肉营养米粉）,386,7.2,1.9,86.2
米粉（金装宝贝营养燕麦营养米粉）,382,9.5,1.5,84.5
米粉（金装核桃营养米粉）,384,7.5,1.5,85
米粉（金装胡萝卜营养米粉）,384,6.5,1.5,86
米粉（金装牛肉菠菜营养米粉）,384,7.5,1.5,85
米粉（金装三文鱼胡萝卜营养米粉）,384,7.5,1.5,85
米粉（金装什果套餐营养米粉）,384,6.5,1.5,86
米粉（金装锌铁钙营养米粉）,384,7.5,1.5,85
米粉（金装猪肝蔬菜营养米粉）,384,7.5,1.5,85
米粉（圣元DHA&胡萝卜营养米粉1段）,431,7,5,92
米粉（圣元多维蔬菜营养米粉2段）,431,7,5,92
米粉（圣元钙铁锌营养米粉1段）,431,7,5,92
米粉（圣元淮山薏米营养米粉2段）,431,7,5,92
米粉（圣元肌肉香菇营养米粉3段）,433,7.5,5,92
米粉（圣元乳清蛋白营养米粉2段）,408,13,2,87
米粉（圣元什锦水果营养米粉2段）,431,7,5,92
米粉（圣元营养米粉1段）,431,7,5,92
米粉（圣元鱼肉菠菜营养米粉2段）,433,7.5,5,92
米粥（干）（方广鳕鱼胡萝卜营养雪花粥）,310,5.5,2,70
奶米粉（亨氏强化铁锌钙营养奶米粉辅食添加初期至36个月适用）,407,5.4,5,85.4
奶米粉（亨氏乳清蛋白营养米粉）,407,5.4,5,85.4
米粉（亨氏AD钙高蛋白营养米粉加奶补钙系列米粉6至36个月适用）,418,14,5,79.4
米粉（圣元高蛋白营养米粉3段）,408,13,2,87
面条（贝因美蛋黄营养面条）,99,11,5,—
宝宝面条,319,7.7,3,66
面条（贝因美果蔬营养面条）,99,11,5,—
面条（贝因美黑芝麻营养面条）,99,11,5,—
面条（方广金装彩棉核桃黑芝麻蔬菜营养面）,308,6,1.5,70
面条（亨氏金装粒粒面黑米紫薯面）,373,11.2,4.5,72
面条（伊威猪肝蔬菜营养面）,275,6,3,56
饼干（贝因美营养磨牙棒饼干）,377,8,50,75
饼干（方广科学配方宝宝机能饼干）,448,7,20,60
饼干（格兰宝小二七种蔬菜饼干）,415,11.5,16.8,57
饼干（嘉宝草莓苹果味星星泡芙饼干）,24,/,0,6
饼干（嘉宝香草圈圈饼干）,17,0,0.5,3
饼干（伊威全技能字母宝宝营养饼干）,507,8.5,23.5,65.5
骨髓蔬菜泥（亨氏骨髓蔬菜泥3段）,88,3.3,4.6,8.4
胡萝卜鱼肉泥（亨氏胡萝卜鱼肉泥2阶段）,54,4.4,1.4,6
混合蔬菜泥（亨氏混合蔬菜泥1阶段）,37,1.3,1,6.6
混合水果泥（亨氏混合水果泥1阶段）,66,1,10,13.2
苹果胡萝卜泥（亨氏苹果胡萝卜泥1阶段）,46,1,1,8.2
苹果南瓜红枣泥（亨氏苹果南瓜红枣泥2阶段）,52,1,1,9.7
苹果泥（亨氏金香苹果泥1阶段）,52,1,10,9.8
苹果香蕉泥（亨氏苹果香蕉泥1阶段）,70,1,1,14.2
三文鱼番茄泥（亨氏三文鱼番茄泥2阶段）,64,3.6,1.7,8.6
蔬菜骨泥（亨氏蔬菜骨泥2阶段）,42,3.2,1.5,4
甜嫩豌豆泥（亨氏甜嫩豌豆泥1阶段）,54,2.8,1,9.3
甜嫩玉米泥（亨氏甜嫩玉米泥）,50,1.9,1,8.4
香甜胡萝卜泥（亨氏香甜胡萝卜泥）,35,1,1,5.5
香甜南瓜泥（亨氏香甜南瓜泥1阶段）,33,/,1,6.9
冻干草莓脆果（果仙多维V草莓萃脆果（冻干））,352,4.2,0,83.7
肝粉（伊威全机能肝粉）,427,30,25.2,20
肝酥（方广宝宝营养猪肝酥）,420,25,20,35
肉松（伊威婴幼儿纯肉松）,430,22,22,36
肉酥（贝因美宝宝菠菜营养肉酥）,476,32,20,42
肉酥（贝因美宝宝胡萝卜营养肉酥）,476,32,20,42
肉酥（原味）（贝因美宝宝原味营养肉酥）,476,32,20,42
鳕鱼酥（方广宝宝野生鳕鱼酥）,420,25.8,20,35
苹果胡萝卜汁（亨氏苹果胡萝卜汁1阶段）,45,1,1,8
苹果汁（亨氏苹果汁1阶段）,46,1,1,8.2
葡萄汁（亨氏葡萄汁1阶段）,54,1,1,10.2
香橙汁（亨氏香橙汁1阶段）,43,10,1,7.5
香梨汁（亨氏香梨汁1阶段）,46,10,1,8.3
艾窝窝,190,4.3,Tr,43.4
白水羊头,193,22.4,11,1.2
茶汤,93,1.5,0.1,21.5
炒肝,96,2.8,8,3.3
春卷,465,6.1,33.7,34.8
豆腐脑(带卤),48,2.6,1.8,5.4
粉皮,62,0.2,0.3,15
灌肠,134,0.2,0.3,32.8
煎饼,354,7.6,0.7,83.8
焦圈,534,6.9,34.9,48.9
京八件,441,7.2,16.4,67.6
粟羊羹,302,3.7,0.6,70.9
凉粉,38,0.2,0.3,8.9
凉粉(带调料),51,0.3,0.5,11.3
凉面,167,4.8,1.7,33.3
龙虾片,342,0.6,0.1,85.5
驴打滚,198,8.2,0.2,41.8
美味香酥卷,368,7.5,3.6,76.7
蜜麻花[糖耳朵],369,4.8,11,63.2
蜜三刀,427,4.4,14.2,70.7
面窝,291,5.2,10.7,44
年糕,156,3.3,0.6,34.7
酿皮,107,4.4,0.3,21.8
青稞炒面,366,11.8,2.2,77
热干面,153,4.2,2.4,28.7
三刀蜜,385,4.1,10.5,69.3
三鲜豆皮,239,6,10.2,31
汤泡,237,8.1,11.6,25.2
甜胚子,131,5.2,0.2,27.2
甜醅,192,7.8,0.1,41
豌豆黄,138,7.5,0.6,26.7
香油炒面,410,12.4,4.8,80.1
油茶,96,2.4,0.9,20
油炸豆瓣,406,25.1,9.8,54.7
油炸豆花,404,33.4,14.8,35.1
炸糕,282,6.1,12.3,37.3
糌粑(稞麦熟品),261,4.1,13.1,32.5
春卷(素馅),182,4.9,4.6,33.8
黑芝麻汤圆,311,4.4,13.8,42.3
醪糟,100,2.6,0.2,22.4
过桥米线,92,4,3.8,11.8
蛋糕(X),348,8.6,5.1,67.1
蛋糕(黄蛋糕),320,9.5,6,57.1
蛋清蛋糕,339,6.5,2.4,72.9
宫廷蛋糕,335,7.4,3.4,69.2
老年蛋糕,384,13,9.6,61.8
奶油蛋糕,379,7.2,13.9,56.5
西式蛋糕,316,7.8,3.4,63.8
蛋糕(巧克力),437,4.7,30.4,40.2
蛋糕(水果),347,2.9,9.1,61.6
月饼(百寿宴点),435,5.1,22.1,55.3
月饼(豆沙),411,8.2,13.6,65.6
月饼(奶油果馅),443,5.7,16.9,67.6
月饼(奶油松仁),446,6.4,21.4,59
月饼(唐王赏月),418,8,18.4,57.8
月饼(五仁),424,8,16,64
月饼(香油果馅),456,6.3,19.7,65.2
月饼(枣泥),427,7.1,15.7,64.9
月饼(蛋黄),399,6,20,50.2
月饼(桂花板栗),331,5.7,6.6,66.3
月饼(奶油莲芸),361,5.5,13,60.4
板油酥饼,360,7.6,14.9,49.4
蛋黄酥,388,11.7,3.9,76.9
蛋麻脆,456,9,17.4,66.7
德庆酥,464,5.9,18.7,70
鹅油卷,464,8.4,22.7,57.4
凤尾酥,511,6.6,25.3,64.2
福来酥,470,6.2,21.4,64.2
核桃薄脆,493,9.8,24.6,61.1
黑麻香酥,443,5.6,16.1,70.6
黑洋酥,432,4.2,12.4,79.7
混糖糕点,455,7.9,16.3,69.5
鸡腿酥,436,6.2,13.4,72.7
夹心酥饼,482,5.3,24.7,59.7
江米条,440,5.7,11.7,78.1
金钱酥,489,11.4,23.1,62.6
京式黄酥,490,6,21.8,67.7
开口笑,519,8.4,30,55.3
廖花糖,415,7.2,14,70.8
绿豆糕,351,12.8,1,73.4
麻烘糕,398,3.8,3.8,87.2
麻花,527,8.3,31.5,53.4
麻香糕,402,3.9,3.6,88.7
米花糖,385,3.1,3.3,85.8
起酥,500,8.7,31.7,45.1
水晶饼,438,0.2,17.4,70.5
酥皮糕点,429,8.1,15.5,65
桃酥,483,7.1,21.8,65.1
硬皮糕点,466,8.4,20.1,63.5
芝麻桃酥,467,7,17.7,70.1
状元饼,437,8.6,14.7,68.1
茯苓夹饼,345,4.4,0.4,84.3
沙琪玛蛋酥,506,5.9,30.4,55.1
香橙水果馅饼,445,4.8,19,64.2
鸡柳汉堡(肯德基),269,13.9,13.6,23.8
香芋甜心(肯德基),280,2.8,7.5,51.8
鸡肉汉堡(肯德基),292,7.9,16.3,31
鸡肉卷(肯德基),253,10.1,13.1,25.2
上校鸡块(肯德基),261,16.9,12.5,21.1
辣鸡翅(肯德基),337,19.4,23.6,12.8
新奥尔良鸡翅(肯德基),240,22.1,13.8,6.8
劲爆鸡米花(肯德基),302,18.4,18.9,16.2
甜玉米籽粒(肯德基),119,3.2,0.2,28.6
薯条(肯德基),298,4.3,15.5,40.5
比萨饼(夹奶酪),225,12.2,5.1,32.5
比萨饼(夹奶酷、肉和蔬菜),235,16.5,6.8,27
三明治(夹火腿、干酪),244,14.2,10.6,22.9
三明治(夹火蛋、干酪),234,10.7,13.3,17.8
三明治(夹鸡肉片、无调料酱),284,13.3,16.2,21.3
三明治(夹烤牛肉片),247,15.5,9.9,24.1
三明治(夹鱼肉片),276,10.7,14.4,26
干酪汉堡包(夹熏肉、加调料酱),311,16.4,18.9,19
干酪汉堡包(普通型、夹单层肉饼、无调料酱),316,14.5,14.9,31.1
干酪汉堡包(普通型、夹奶酪、单层肉饼、加调料酱),263,14.1,12.5,23.5
干酪汉堡包(普通型、夹奶酪、单层肉饼、加调料酱和蔬菜),235,11.6,12.9,18.3
干酪汉堡包(普通型、夹奶酪、双层肉饼、双层面包、加调料酱和蔬菜),285,13,15.5,23.3
汉堡包（普通型、夹肉饼、加调料酱和蔬菜）,256,11.7,12.3,24.8
热狗(原味),250,10.6,14.8,18.4
蛋片,391,8.1,4.1,80.5
麦片,368,12.4,7.4,67.3
燕麦片,377,15,6.7,66.9
玉米片(即食粥),391,7.2,3.7,82.3
早餐奶,68,2.3,3.1,7.7
八宝粥(康师傅牌),81,1.5,4.4,9.4
八宝粥(亲亲牌),76,2.1,4,8.8
八宝粥同茂牌),46,1.3,0.2,10.2
八宝粥(娃哈哈牌),64,1.7,0.9,12.8
八宝粥(无糖、娃哈哈牌),45,1.6,0.8,9.4
八宝粥(椰树牌),69,1.7,1,15.5
黑芝麻糊粉,408,6.9,7.5,82.3
麦片(原味香奶),406,4.7,9,82.8
燕麦片(果仁、甜),402,8.9,11.1,73.5
苦荞麦片(无糖),411,7.2,8,77.9
玉米片,365,7,0.8,86
玉米片(低钠),384,7.7,0.3,88.8
方便面,473,9.5,21.1,61.6
鸡汁味干脆面(面饼+调味料),505,11.4,27,55.2
海鲜味方便面(面饼+调味料+油料),451,10.4,19.2,60.1
红烧牛肉方便面(面饼+调味料+蔬菜+肉酱),447,10.2,17.9,62.6
鳕鱼方便面(面饼+调味料+珍料+调节器味油+蔬菜),470,10.2,24.2,53.7
铁板牛肉炒面(面饼+汤料+蔬菜+调味酱),438,11.7,18.8,59.3
铁板牛肉炒面(面饼+汤料+蔬菜),un,12,—,81.3
调味酱(铁板牛肉炒面),un,10.1,—,68.8
玉米红烧牛肉味方便面(面饼+调味料+蔬菜+肉酱),330,5.8,4.1,68.5
海鲜鸡汁味米线(米线+调味料+蔬菜+肉酱),167,4.5,1,35.5
海鲜鸡汁味米线(米线+调味料+蔬菜),un,3.9,—,37.2
肉酱(海鲜鸡汁味米线),un,7.2,—,69
冬菜虾仁馄饨,180,9.1,4.3,26.5
韭菜合子,211,7.5,11.3,20.3
糯米饭团,333,5.9,17.6,38.3
什锦炒饭,188,5,5.6,29.7
虾仁炒饭,138,4.7,1.7,26.3
面包(X),313,8.3,5.1,58.6
多维面包,316,8.8,8.4,51.3
法式牛角面包,378,8.4,14.3,54.6
法式配餐面包,284,10,1.2,58.7
果料面包,279,8.5,2.1,57
黄油面包,331,7.9,8.7,55.6
乐斯美面包,335,9.2,2.8,68.6
麦胚面包,246,8.5,1,50.9
麦维面包,270,8.3,4.7,48.6
维生素面包,279,8.8,5.6,48.6
咸面包,275,9.2,3.9,51
椰圈面包,320,9.5,4.8,59.9
桦榕面包,329,8.9,7.5,56.6
面包条(白),283,8.3,5.2,51.1
面包屑,355,14.2,3.7,72.4
葡萄干面包,260,6.6,3.7,50.1
饼干(X),435,9,12.7,71.7
VC饼干,573,10.8,39.7,43.2
饼干(强化锌)[富锌饼干],446,11,13.3,71.2
补血饼干,452,11.8,14.7,68.4
儿童营养饼干,447,10.8,12.9,72.1
钙奶饼干,446,8.4,13.2,73.9
钙王饼干,450,7.8,13.9,73.6
高蛋白饼干,451,11,16.2,66
军用压缩饼干,460,7.9,17.8,67.6
奶油饼干,431,8.5,13.1,70.2
牛奶饼干,408,8.1,6.1,80.3
曲奇饼干,546,6.5,31.6,59.1
苏打饼干,408,8.4,7.7,76.2
维夫饼干,529,5.4,35.2,48
饼干(三明治),515,7.1,30.4,57.9
饼干(夹心),449,6.2,15.9,75.3
饼干(甜酥夹心),557,5.6,35.1,55.6
饼干(苏打夹心),463,7.6,19.3,69.8
饼干(咸),496,8.4,25.6,62.7
曲奇饼(加奶油),526,6.4,27.2,64
早茶饼,440,8.1,14.5,72.2
饺子(素馅),198,6.8,5.6,32.7
饺子(三鲜馅),240,8.8,12.3,26.6
饺子(猪肉白菜馅),218,7.5,10.8,26
饺子(猪肉韭菜馅),250,7,14.4,26
饺子(猪肉芹菜馅),253,7,16.8,22.1
饺子(猪肉茴香馅),223,7.3,9.1,31.1
饺子(猪肉香菇馅),231,12.3,15.3,11.5
饺子(猪肉虾仁馅),267,10,15.4,22.7
饺子(鸡肉蘑菇馅),186,7.4,7.4,22.8
饺子(海鳗猪肉馅),249,14.3,17.7,8.5
饺子(海鳗虾仁馅),266,12.3,20,9.7
包子(三鲜馅),223,7.4,8.6,29.1
包子(猪肉馅),227,7.3,10,28.6
自然阳光赋力蛋白营养粉（巧克力味）,376,58.1,8.2,11.7
自然阳光三合一复合植物固体饮料,237,0.8,4.5,12.1
菠萝豆,392,10.4,2.1,82.9
空心果,452,6.8,15.2,72
马铃薯片(油炸)[油炸土豆片],615,4,48.4,41.9
酥香兰花豆,418,12.8,13.6,61.7
米饼(鸡蛋牛奶味),536,4.2,29.9,63.2
雪米饼,463,5.5,17.6,73.5
蛋酥卷,523,8.1,35.3,53.7
巧克力派,425,4.3,17.7,65.7
法式卷饼,535,7.6,34,54.7
立体脆,475,6,24.7,63.8
粟米脆,553,5.6,34.7,56.5
通心脆,500,3.1,29.6,61.6
洋葱圈,476,4.3,21.3,68.5
虾片,523,5.3,30.9,59.5
锅巴(豆香),528,7.6,30.6,59.2
锅巴(小米),554,6,36.9,54.6
海苔,177,29.4,4.8,50.4
香菇片,316,9.9,12.4,61.9
薯片(烧烤味),548,7.5,37.6,49.2
薯片(香辣味),555,7.4,40,46.6
薯圈,576,1.3,42.6,51.7
怪味胡豆,403,12.6,12.1,69.6
奶油五香豆,220,26.2,2,54
夹心米果,593,5,41.9,50.4
乐芙球,573,7.6,45,43.9
玉米花,406,10.8,13.4,70.4
果仁脆枣,484,13,25.6,55.1
空心脆枣,376,6.5,1.2,88.6
鱼肉粒,376,27.1,3.3,59.5
果冻(草莓水果冻),71,0.1,0.2,17.2
果冻(蒟蒻冻),100,0,Tr,25.6
果冻(蒟蒻椰果冻),109,0,Tr,27.8
果冻(AD钙果冻),70,0.1,0.4,16.6
肯德基香辣鸡腿堡,256,12,13.2,22.2
肯德基老北京鸡肉卷,292,12.9,14.9,25.9
肯德基新奥尔良烤鸡腿堡,202,12.8,8.2,18.9
肯德基劲脆鸡腿堡,266,12.4,14.2,21.9
肯德基田园脆鸡堡,175,5,8.4,19.4
肯德基吮指原味鸡,161,13,9,4
肯德基新奥尔良烤翅,240,22.1,13.8,6.8
肯德基香辣鸡翅,353,19.7,25.7,11.5
肯德基辣鸡翅,337,19.4,23.6,12.8
肯德基薯条,289,3.4,11.6,42.9
肯德基劲爆鸡米花,239,13.5,13.3,16.5
肯德基上校鸡块,225,12,14.5,12
肯德基土豆泥,65,1.4,0.6,12.8
肯德基鲜蔬汤（带水）,175,19,10.4,1.5
肯德基黍米棒,100,2.8,1.4,16.5
肯德基原味蛋挞,404,5.8,25.3,38.4
肯德基蛋挞,436,5.6,31.8,32.2
肯德基葡式蛋挞,442,5.6,31.8,32.2
麦当劳普通汉堡包,272,14.3,8.7,32.8
麦当劳吉士汉堡,272,14.2,10.7,28.3
麦当劳双层吉士汉堡,275,16.3,13.6,21.1
麦当劳麦香鸡,312,12.1,13.8,33.6
麦当劳麦香鱼,263,11.5,10.8,28.8
麦当劳麦辣鸡腿汉堡,322,14.5,16.5,27.8
麦当劳培根蔬萃双层汉堡,287,15.5,14.4,22.3
麦当劳巨无霸,273,14.4,13,23.7
麦当劳原味板烧鸡腿汉堡,252,14.3,10.9,23.2
麦当劳不素之霸双层汉堡,282,17.2,14.6,19.9
麦当劳双层深海鳕鱼堡,277,13.3,13,26
麦当劳安格斯厚牛培根堡,330,17.1,19.2,21.8
麦当劳安格斯厚牛芝士煲,310,14,16.8,20.4
麦当劳薯条,226,3.3,10.4,28.2
麦当劳麦乐鸡,275,16.1,16.4,14.6
麦当劳玉米杯,39,1.4,0.8,5.9
麦当劳麦辣鸡翅,225,14.4,14.4,9.4
麦当劳那么大鸡排,259,15.7,14.2,16.4
麦当劳美味鲜蔬杯,12,0.6,0,1.7
麦当劳香芋派,304,3.1,16.9,34.2
麦当劳菠萝派,299,2.6,17.1,32.8
百事可乐,28,0.2,0.1,6.5
冰川可乐,45,…,…,11.2
橙珍(易拉罐装),25,0.1,…,6.1
橙汁汽水,20,…,…,5.1
柠檬汽水,38,—,—,9.5
特制柠檬汽水,50,…,…,12.5
特制汽水,42,…,…,10.5
维尔康运动饮料,45,…,0.1,11
可口可乐,43,0.1,0,10.8
雪碧,46,0,0,11
VC橘汁,95,0.1,0.2,23.2
浓缩橘汁,235,0.8,0.3,57.3
鲜橘汁(纸盒),30,0.1,…,7.4
橘子汁,119,…,0.1,29.6
刺玫汁(纸盒),32,…,…,8.1
甘蔗汁,65,0.4,0.1,16
红果汁,157,…,0.2,38.7
柠檬汁,27,0.9,0.2,5.5
沙棘果汁,47,0.9,0.5,10.6
乌梅汁,133,0.2,0.1,32.8
原汁沙棘,48,2.6,—,9.3
菠萝汁饮料(百果洲牌),47,0.2,0.1,11.4
菠萝汁饮料(大湖牌),36,0.3,0.2,8.3
苹果汁饮料(光明牌),54,0.1,0.3,12.8
苹果汁饮料(亨氏),50,0.1,0.3,11.7
苹果果肉饮料,44,0.1,0.4,12.1
橙汁饮料(光明牌),44,0.7,0.1,10.2
橙汁饮料(茹梦牌),47,0.3,0.2,11.2
橙汁饮料(汇源牌),46,0.5,0,11
橙汁饮料(三得利牌),47,Tr,0,11.8
芒果汁饮料,44,0.1,0,12
沙棘果浆,325,0.3,0.5,80.2
山楂果肉饮料,55,0.1,0.2,13.9
酸枣果汁饮料,27,0.1,0,6.7
西番莲汁饮料,50,0.2,0.1,12
西柚汁饮料,34,0.6,0.4,7.3
椰子汁饮料,51,0.7,2.4,6.6
杏仁椰汁饮料,39,0.6,0.1,9
胡萝卜素王,131,0.1,0.2,32.5
胡萝卜汁饮料,24,0.1,0,6.3
果味奶,20,0.9,0.8,2.4
喜乐(乳酸饮料),53,0.9,0.2,11.8
AD钙奶,55,1.1,0.1,12.3
健康快车奶饮料,38,1.1,0.6,6.9
粒粒果奶饮料,30,1.1,0.6,5.1
酸乳饮料,54,1.1,1.3,9.4
酸乳饮料(发酵),54,0.7,0.3,12.1
巧克力豆奶,39,2.9,0.5,5.8
杏仁露,46,0.9,1.1,8.1
核桃乳(儿童),44,0.8,2.1,5.5
核桃乳(女性型),53,0.9,2.7,6.2
核桃乳(中老年型),52,0.9,2.9,5.5
核桃乳(佐餐调和型),51,0.8,2.9,5.4
茶砖[砖茶],283,14.5,4,66.7
茶砖(小),308,15.1,4,68.9
红茶,324,26.7,1.1,59.2
花茶,316,27.1,1.2,58.1
甲级龙井,331,33.3,2.7,48.9
绿茶,328,34.2,2.3,50.3
石榴花茶,343,10.5,2.9,74.2
柿叶茶,321,25.8,1.9,59.1
铁观音茶,334,22.8,1.3,65
珠茶,334,28.7,1.7,58.3
大麦茶,305,13,3.4,77.6
茶水,0,0.1,…,0
大麦茶水,1,Tr,0,0.3
红茶包,0,0,0,0
宝宝福,390,0.2,…,97.3
冰激凌粉,396,14.5,3.5,76.7
固体橘子饮料,391,0.2,…,97.5
可可粉,349,20.9,8.4,54.5
麦乳精,429,8.5,9.7,77
山楂晶,386,0.1,0.2,95.9
酸梅晶,394,0.2,…,98.4
鲜橘晶,385,0.3,…,95.9
猕猴桃晶,390,0.4,…,97.1
橘子晶,390,0.2,0.4,96.5
高乐高营养饮品,394,5.8,2.4,88.4
菓珍,407,0.1,2.2,96.8
桂花酸梅晶,397,0.4,1.6,95.4
柠檬茶,406,0.2,1.7,97.6
巧克力麦芽营养饮品,390,8,4,80.6
咖啡豆,203,17.1,8.8,68.9
咖啡粉,218,12.2,0.5,41.1
咖啡伴侣,554,2.7,34.9,57.3
冰棍,47,0.8,0.2,10.5
冰砖,153,2.9,6.8,20
冰激凌,127,2.4,5.3,17.3
大雪糕,74,2.2,0.9,14.3
三明治冰激凌,169,7.4,5.6,22.2
双棒雪糕,137,2.3,3.6,23.9
娃娃头,215,9.8,8.6,24.6
紫雪糕,228,2.6,13.7,23.6
冰激凌(草莓味),150,2.7,3.2,28.5
冰激凌(苦咖啡味),205,2.9,10.1,25.6
冰激凌(加奶油),211,3.5,12.8,20.5
冰激凌(草莓圣代),145,2.9,2.6,27.7
冰激凌(巧克力圣代),173,3.6,4.8,29
冰激凌(脆皮甜筒),158,3.5,5.5,23.9
冰激凌(花心筒),278,4.2,13.1,36.7
冰激凌(金百合),202,3.3,10.5,24.5
雪糕(百乐宝),147,2.8,6.2,20.1
雪糕(红豆缘),212,2.7,4.8,41.2
棒冰(可乐冰),73,Tr,1,16.1
棒冰(奇彩旋),95,Tr,1.1,21.3
红景天饮料,33,0,0,8.2
纯净水(康师傅牌),0,0,0,0
纯净水(乐百氏牌),0,0,0,0
纯净水(娃哈哈牌),0,0,0,0
纯净水(椰树牌),0,0,0,0
饮用水(农夫山泉牌),0,0,0,0
饮用水(雀巢),0,0,0,0
矿泉水(获特满牌),0,0,0,0
矿泉水(康师傅牌),0,0,0,0
矿泉水(蓝涧牌),0,0,0,0
矿泉水(乐百氏牌),0,0,0,0
矿泉水(雀巢),0,0,0,0
矿泉水(椰树牌),0,0,0,0
肯德基巧克力圣代,222,6.4,6.4,33.8
肯德基九珍果汁,31,0.1,0.3,6.9
肯德基可乐,42,0.2,0,10
肯德基七喜,39,0,0,9.4
麦当劳朱古力新地,188,3,5.2,32.2
麦当劳草莓新地,161,2.7,3.9,28.8
麦当劳麦旋风奥利奥原味,128,2.4,4.2,20.2
麦当劳麦旋风奥利奥草莓口味,140,2.4,4.2,23.3
麦当劳可乐,27,0,0,6.5
麦当劳雪碧,27,0,0,6.8
麦当劳柠檬红茶味饮料,21,0,0,5
麦当劳低糖茉莉味绿茶,7,0,0,1.6
麦当劳热朱古力,41,0.4,0.5,8.7
麦当劳锡兰红茶,0,0,0,0.8
麦当劳鲜煮咖啡,2,0,0,0.3
麦当劳经典美式咖啡,2,0.1,0,0.2
麦当劳热拿铁,34,1.7,1.7,2.8
麦当劳热摩卡,71,2.2,2.4,8
啤酒(X),32,0.4,/,/
北京啤酒,32,0.4,/,/
北京特制啤酒(6度),35,0.4,/,/
楚天啤酒(2.6度),16,0.4,/,/
酒泉啤酒,28,0.4,/,/
麦饭石啤酒,25,0.5,/,/
美雪啤酒,34,0.4,/,/
秦海啤酒,36,0.5,/,/
清爽型啤酒(6度),35,0.4,/,/
特制啤酒(5度),30,0.4,/,/
维生素C啤酒,77,0.3,/,/
武汉啤酒(3.2度),19,0.3,/,/
五星啤酒,32,0.3,/,/
行吟阁啤酒(3.2度),19,0.3,/,/
"啤酒(4.3%,青岛牌)",38,0.4,0,3.1
"啤酒(4%,燕京牌)",27,0.3,0,0.8
"啤酒(5.1%,生力牌)",42,0.4,0,2.9
葡萄酒(X),72,0.1,/,/
白葡萄酒,66,0.1,/,/
红葡萄酒,74,0.1,/,/
玫瑰香葡萄酒(15度),85,0.1,/,/
"葡萄酒(干白,11%,长城牌)",67,0.1,0,1.2
"葡萄酒(干白,12%,张裕牌)",75,0.3,0,1.5
"葡萄酒(半干白,11.5%,王朝牌)",73,0.3,0,1.6
"葡萄酒(干红,11.5%,长城牌)",72,0.2,0,1.5
"葡萄酒(干红,11.5%,王朝牌)",73,0.3,0,1.7
"葡萄酒(干红,12%,张裕牌)",75,0.3,0,1.5
黑加仑酒(8%),51,Tr,0.2,1.2
雪利酒,116,0.1,0,5.9
黄酒(X),66,1.6,/,/
贡米佳酿(14度),79,—,/,/
加饭黄酒,37,1.6,/,/
江米酒,91,1.6,/,/
糯香酒(6.4度),36,—,/,/
善酿酒,99,2,/,/
绍兴黄酒(15度),85,—,/,/
元红黄酒,36,1.3,/,/
花雕酒(16.5%),124,1,0,6.5
碧绿酒,239,—,/,/
崇明老白酒,298,—,/,/
低度汉酒(37.2度),216,—,/,/
二锅头(58度),351,—,/,/
甘州大曲,312,—,/,/
汉口白酒(49.6度),295,—,/,/
汉口小麦酒(40.7度),237,—,/,/
黄鹤楼酒(39度),227,—,/,/
精制小麦酒,238,—,/,/
景泰大曲,304,—,/,/
景泰二曲,287,—,/,/
酒泉酒,343,—,/,/
凉州曲酒,315,—,/,/
宁河大曲,314,—,/,/
宁河二曲,314,—,/,/
曲酒(55度),330,—,/,/
三粮小麦(55度),330,—,/,/
丝路春酒,315,—,/,/
特制汉酒(59.5度),364,—,/,/
特制三粮酒(56.2度),339,—,/,/
乌林春酒(青稞酒),343,—,/,/
五酿春(44.4度),260,—,/,/
小麦酒（48度）,284,—,/,/
小麦酒（50度）,297,—,/,/
燕岭春(57度),344,—,/,/
醉流霞(57度),344,—,/,/
"董酒(浓香型,46%)",272,Tr,0,0
二锅头(56%),338,Tr,0,0
"汾酒(清香型,53%)",317,Tr,0,0
"古井贡酒(浓香酒,38%)",222,Tr,0,0.2
剑南春(52%),312,Tr,0,0.2
"剑南春(浓香型,38%)",222,Tr,0,0.2
"京酒(浓香型,38%)",221,Tr,0,0
茅台酒(53%),317,Tr,0,0
五粮液(52%),311,Tr,0,0
竹叶青酒(45%),307,Tr,0,10.4
金奖白兰地(38%),226,Tr,0,1.1
伏特加,234,0,0,0
威士忌,252,0,0,0.1
蜜酒,84,—,/,/
双喜沙棘酒,80,—,/,/
香雪酒,37,1.5,/,/
中华沙棘酒,57,—,/,/
苹果酒(干型),36,Tr,0,2.6
苹果酒(甜),42,Tr,0,4.3
果汁朗姆酒(9.9%),201,0.4,1.9,28.3
鸡尾酒,105,0,0,0
马提尼酒(32%),243,0,0,2
曼哈顿酒(30.6%),225,0.1,0,3.2
酸味威士忌(16.8%),119,0,0,13.4
白砂糖,400,…,…,99.9
绵白糖,396,0.1,…,98.9
冰糖,397,…,…,99.3
红糖,389,0.7,…,96.6
麦芽糖,331,0.2,0.2,82
蜂蜜,321,0.4,1.9,75.6
花生牛轧糖,432,4.9,12.3,75.4
胶姆糖,368,0.1,—,91.9
马蹄软糖,359,0.1,—,89.6
棉花糖,321,4.9,—,75.3
奶糖,407,2.5,6.6,84.5
泡泡糖,360,0.2,—,89.8
巧克力,589,4.3,40.1,53.4
巧克力(酒芯),401,1.3,12,72.2
巧克力(维夫)[朱古力威化],575,8.2,38.4,49.7
山楂球,371,0.5,—,92.6
什锦糖果,399,0.3,0.2,98.9
水晶糖,395,0.2,0.2,98.2
酥糖,444,6,13.9,75.6
酸三色糖,397,Tr,0.4,98.4
鲜桃果汁糖,397,Tr,0.2,98.8
芝麻南糖,548,4.8,35.6,54.4
夹心糖,494,2.6,20.7,74.2
水果味软糖,369,6,0.3,85.6
牛奶糖,435,2.2,8.2,88.2
酸奶软糖,404,Tr,1.6,97.3
太妃糖,452,3.7,16.5,72.8
花生牛乳糖,453,11.7,15.5,69.5
花生芝麻糖,498,21.3,25.3,48.7
四味粽子糖,397,0.1,0.4,98.3
巧克力(充气),543,9.2,32.8,54.9
巧克力(果仁),511,9.9,33.5,53.5
巧克力(黑),516,4.2,30,63.1
巧克力(牛奶),575,8.2,39.2,49.9
海棠脯,290,0.6,0.2,72.6
李广杏脯,293,2.8,0.3,72.1
南瓜果脯,337,0.9,0.2,83.3
苹果脯,340,0.6,0.1,84.9
青梅果脯,314,1.2,0.6,77.4
桃脯,315,1.4,0.4,77.6
西瓜脯,311,0.7,0.2,77.5
杏脯,333,0.8,0.6,82
金糕,178,0.2,0.3,44
金糕条[山楂条],303,0.6,0.6,74.6
山楂果丹皮,326,1,0.8,80
冰糖酸角,257,2.3,0,68.9
甘草杏,155,2.7,1.1,46.1
清凉杏肉,311,2,0.2,79
雪梅,260,3.1,1.1,72.4
九制梅肉,257,3.4,3.2,70.8
九制西梅,228,2.6,1.2,65.9
九制应子,157,2.3,0.6,48.6
梅脯,308,0.3,1.1,78.8
阿胶枣,334,2.5,0.2,82
黑贡枣,305,2.7,0.9,78
野酸枣,326,2.7,0.5,79.6
多味山楂,249,1.8,1.9,61.8
山楂脯,255,0.5,0.6,62.9
地瓜干,338,2.4,0.1,83.9
野酸枣肉,326,2.7,0.5,79.6
蜂蜜(槐花）,361,0.2,0.3,89.5
蜂蜜(天麻),326,5.2,0.3,75.7
蜂蜜(硬蜜),328,0.3,0.5,80.5
蜂蜜(油菜花),338,0.2,0.3,83.7
牛油（板油）,835,Tr,92,1.8
牛油(炼),898,Tr,99.7,0.1
鸭油（炼),897,Tr,99.7,0
羊油（板油）,824,Tr,88,8
羊油(炼),895,Tr,99,0.9
猪油(板油),827,Tr,88.7,7.2
猪油(炼),897,Tr,99.6,0.2
菜籽油[青油],899,Tr,99.9,0
茶油,899,Tr,99.9,0
大麻油[粟米油],899,Tr,99.9,0
豆油,899,Tr,99.9,0
红花油,899,Tr,99.9,0
胡麻油,900,—,100,0
花生油,899,Tr,99.9,0
混合油（菜+棕）,900,—,99.9,0.1
葵花籽油,899,Tr,99.9,0
辣椒油,900,—,100,0
麦胚油,899,Tr,99.9,0
棉籽油,899,Tr,99.8,0.1
色拉油,898,Tr,99.8,0
椰子油,899,Tr,99.9,0
玉米油,895,Tr,99.2,0.5
芝麻油[香油],898,Tr,99.7,0.2
棕榈油,900,—,100,0
橄榄油,899,Tr,99.9,0
酱油,63,5.6,0.1,10.1
酱油(高级),71,8.4,0.2,9
酱油(一级),66,8.3,0.6,6.9
酱油(三级),40,6.8,0.4,2.4
酱油(冬菇),39,3.5,0.1,5.9
酱油(多味),86,7.8,0.4,12.9
酱油(三鲜),41,3.4,0.1,6.6
酱油(晒制),70,9.4,0.6,6.8
酱油(特母),55,6.7,…,7.2
酱油(味精),51,6.9,0.1,5.7
黄豆酱油,38,5.1,0.2,4.3
老抽,129,7.9,0.3,23.8
生抽,20,4.8,0.1,0
日式酱油,91,10.1,0,12.6
黄灯笼辣椒,34,1.2,1.4,4.2
泰式辣酱,190,0,0,46.2
醋,31,2.1,0.3,4.9
白醋,6,0.1,0.6,0
陈醋,114,9.8,0.3,17.9
甘醋,37,2.8,…,6.5
黑醋,91,3.7,0.2,18.5
五香醋,14,0.5,…,3
香醋,68,3.8,0.1,13
熏醋,43,3,0.4,6.9
豆瓣酱,181,13.6,6.8,17.1
豆瓣酱(辣油),188,7.9,5.9,27
豆瓣辣酱,73,3.6,2.4,12.9
花生酱,600,6.9,53,25.3
黄酱[大酱],138,12.1,1.2,21.3
酱油膏,99,13,0.7,10.2
辣椒酱[辣椒糊],36,0.8,2.8,3.2
麻辣酱,145,5.8,5.1,21.4
牛肉辣瓣酱,129,9.7,6.1,9.4
蒜蓉辣酱,96,4.8,0.6,19.6
甜面酱,139,5.5,0.6,28.5
五香豆豉,270,24.1,3,39.7
香油辣酱,67,2.1,3.6,9.8
芝麻酱,630,19.2,52.7,22.7
郫县辣酱,106,4,1,24.8
海鲜酱(阿香婆),492,3,41.1,28.2
牛肉酱(阿香婆),488,6.2,43,22.2
花生酱(加巧克力),633,19.6,55.4,22.1
千岛沙拉酱,475,2.3,43.4,19.8
沙拉酱,724,2.8,78.8,1
奶油攀司,605,2.9,42,53.8
草莓酱,270,0.8,0.2,66.3
番茄酱,85,4.9,0.2,16.9
柠檬酱,283,0.6,5.1,62.7
苹果酱,278,0.4,0.1,69
桃酱,274,0.4,0.2,68
杏酱,286,0.2,0.3,70.9
番茄沙司,112,1,0.2,28
腐乳(白)[酱豆腐],135,10.9,8.2,4.8
腐乳(臭)[臭豆腐],132,11.6,7.9,3.9
腐乳(红)[酱豆腐],153,12,8.1,8.2
桂林腐乳,206,7.3,11.3,19.2
糟豆腐乳[糟乳],157,11.7,7.4,11.2
腐乳(香辣味),158,13.1,11.6,0.8
"腐乳(白,石宝寨牌)[酱豆腐]",115,9.5,7.7,2.7
"腐乳(白,王致和牌)[酱豆腐]",153,12.3,11.6,0.6
八宝菜,78,4.6,1.4,13.4
冬菜,52,3.5,0.3,10.1
狗芽菜,27,1.3,0.1,6.5
桂花大头菜[佛手疙瘩],54,3.2,0.4,10.4
合锦菜,83,6,—,16.7
姜(糟),30,1.6,0.8,4.8
酱包瓜,112,4.7,…,24.8
酱大头菜,41,2.4,0.3,8.4
酱甘露[地蚕，甘露子],41,2.2,0.3,8.2
酱黄瓜,26,3,0.3,3.4
酱萝卜,33,3.5,0.4,4.5
酱蘑菇,122,5.4,0.2,25
酱苤蓝丝,42,5.5,…,5.7
酱莴笋,25,2.3,0.2,4.1
芥菜干,196,13.3,0.8,47.5
金钱萝卜,45,1.6,0.3,10.1
辣萝卜条,41,1.4,0.5,8.5
萝卜干,67,3.3,0.2,14.6
乳黄瓜[嫩黄瓜],36,1.7,0.3,7.4
什锦菜,35,2.9,0.5,6.2
酸芥菜,21,1.2,0.1,4.9
蒜头(酱),109,4.4,0.1,23.9
蒜头(甜)[糖蒜],117,2.1,0.2,27.6
甜辣黄瓜,102,2.8,0.2,22.8
甜酸皎头,98,0.5,0.5,23
五香大头菜,57,4.6,0.2,11.5
咸沙葱[蒙古韭],28,2.4,0.8,3.8
洋姜(腌)[菊芋，鬼子姜],36,2.6,…,6.8
榨菜,33,2.2,0.3,6.5
蕨菜(腌),26,2.5,0.3,4.4
腌芥菜头[水芥，水疙瘩],44,2.8,0.1,9.3
腌芥菜头(煮)[煮芥，煮疙瘩],30,2.1,0.2,5.9
腌韭菜花,17,1.3,0.3,2.8
腌龙须菜,71,1.4,Tr,17.3
腌雪里红,29,2.4,0.2,5.4
剁辣椒,30,1.4,0.5,10.8
酱八宝菜,120,5.6,6.1,13.8
酱甘露,68,3,0.4,14
酱花生米,367,17.2,31.9,11.3
酱籽萝,57,2.9,0.4,11.2
麻仁金丝,63,3.1,0.6,12.7
雪菜,22,1.5,1.6,8.7
腌大头菜,58,7,0.2,11.3
腌芥菜头,20,2.4,0.1,5.6
腌萝卜条,44,0.6,0.3,15.3
榨菜(鱼泉牌),34,1.8,2,4.8
榨菜(正林牌),10,1.5,0.1,4.1
酱蒜瓣,109,4.4,0.1,23.9
糖蒜瓣,117,2.1,0.2,27.6
"八角[大料,大茴香]",281,3.8,5.6,75.4
胡椒粉,361,9.6,2.2,76.9
花椒,316,6.7,8.9,66.5
黄毛籽,330,21,15.6,50.4
芥末,490,23.6,29.9,35.3
苦豆子,270,4.6,2.4,72.3
辣椒粉,290,15.2,9.5,57.7
全料蒸肉粉,343,8.9,1.2,74.3
五香粉,359,1,8,73.3
茴香籽[小茴香籽],318,14.5,11.8,55.5
咖喱粉,415,13,12.2,63.3
湖盐[青盐],11,0.1,0,2.7
精盐,0,…,…,0
土盐,0,…,…,0
味精,268,40.1,0.2,26.5
鸡粉,224,13.2,5.1,32.4
鸡精,195,10.7,2.8,32.5
酵母(鲜),106,2.6,Tr,23.9
酵母(干),372,47.6,1.7,45.5
千岛汁,128,0.2,11.3,6.2
沙茶酱（李锦记）,633,15.6,58.9,10.6
蚝油（海天）,80,3.3,0,14.6
蚝油（李锦记）,140,5.3,0,29.3
蛋黄酱,372,0.6,39.6,4.7
蜂蛹[蜂胚，蜂仔],100,10.6,5.4,2.3
蜂蛹[油蜂，干],669,20,61.4,9
蜂蛹（大黄蜂）,109,12.1,3.8,6.6
牛蛙,81,15.7,0.5,3.4
鸡内金,359,83.1,1.3,3.8
乌梢蛇,219,49.4,2,0.9
团螵蛸,365,70.2,6.6,6.2
阿胶,383,73,5.8,9.5
珍珠,18,2,0.1,2.4
牛黄,353,48,0.9,38.4
马鹿胎（粉）,342,36.8,10.8,24.4
蛤蚧,382,70.8,11,0
燕窝,320,57.9,0.2,21.7
蜂胶液,—,0.2,—,—
蛤蟆油,241,31.4,1.9,24.6
龟甲,134,26.4,2,2.6
刺猬皮,357,69.2,8.6,0.8
蜂王浆,—,14.6,—,—
裙边（干）,337,81.6,1.2,0
鱼肚（干）,312,75.6,1,0
鱼唇（干）,347,83.1,1.6,0
党参,309,10.4,1.8,72.2
西洋参,82,0.8,1.6,21.6
芒果布丁粉,432,0,8.6,87.5
塔壳,496,8.1,26.7,54.6
牛蒡US,72,1.5,0.2,17.3
白茅根,84,1.8,0.5,27.5
白芷,327,9.9,1.5,75.5
薄荷（干）,270,6.8,3.9,67.6
薄荷（鲜）,34,4.4,/,6.6
代代花,287,19.1,1.1,65.5
淡竹叶,224,12.2,2.8,67.9
丁香,392,0.3,17.2,67.4
榧子,560,12.4,42,38.5
茯苓,178,1.2,0.5,82.6
甘草,280,4.9,4.2,75
高良姜,256,10.9,5.7,61.9
葛根（甘葛）,186,1.5,0.2,45.6
葛根（野葛）,274,5.3,0.6,79.5
枸杞子,292,13.9,1.5,64.1
荷叶,249,22.9,4.4,54.9
槐花（洋槐花，豆槐花）,82,3.1,0.7,17
槐米,293,17.9,2.6,64
火麻仁,575,32.7,46.3,9.3
金银花,291,13.1,4.5,66.1
菊花【怀菊花】,274,6,3.3,63
决明子,299,13.4,6.6,64.7
芦根,97,0.8,0.4,32.8
罗汉果,246,13.4,0.8,65.6
麦芽,318,10,3.1,71
胖大海,275,11.6,5.6,67.2
肉豆蔻,494,8.1,35.2,43.3
肉桂,278,11.7,2.7,71.5
桑叶,224,14.9,0.8,61.6
砂仁,265,8.1,1.5,69
酸枣仁,420,31.8,25.7,30.9
香薷,214,7.9,1.3,67.9
香橼,256,6.9,0.9,80.4
玉竹,320,8.9,2.9,76.8
郁李仁,587,27.3,47.8,17.9
枳椇子,270,14,7.7,66.1
紫苏（干）【赤苏，白苏】,295,0.2,11.9,77
紫苏（鲜）【赤苏，白苏】,59,3.8,1.3,9.9
紫苏子,604,20,53.7,20.4
巴戟天,331,4,4.4,80.1
白豆蔻,197,11.2,1.5,64
白芨,241,2.8,1.3,83
白芍,295,4.8,0.7,79
白术根,343,4.5,5,72.9
柏子仁,535,25.5,37.9,29.5
北沙参,329,12.7,1.8,73.9
贝母【川贝母】,317,4,0.5,78.5
川牛膝,304,5.2,6,74.2
川芎,327,12.8,6.5,66.3
刺五加,195,3.9,0.7,82.8
当归,308,18.2,2.4,62.7
地骨皮,240,26.2,0.9,50.6
地黄【生地黄】,315,4.8,0.6,78.1
地黄【熟地黄】,324,5.6,1.9,77.7
杜仲,280,5.6,10.9,69.8
红景天,255,3.3,1.3,79.6
厚朴,348,4.6,21.2,62.1
厚朴花,244,8.3,1.3,76.4
黄芪【蒙古黄芪】,287,14.9,1.1,75.5
姜黄,279,6.3,4.3,68
芦荟,385,2,2.7,88.5
麦冬,356,3.5,5.2,78.8
玫瑰花【红玫瑰，赤蔷薇】,275,10.2,0.1,77.1
人参【红参】,319,11,0.3,74.9
人参【生晒参】,319,12.3,0.1,75.7
石斛,219,1.6,2,87.9
石决明,20,2.4,0.2,2.1
酸角,306,3.5,1.9,69.4
太子参,321,12.4,0.1,75.1
天麻,330,5.4,0.3,79.5
西洋参,332,9.9,0.3,79.1
玄参,259,6.7,0.8,63.9
益母草,232,8.8,3.2,71.7
淫羊藿,265,9.5,4.8,73.4
珍珠,18,2,0.1,2.4
北冬虫夏草【蛹虫草，北虫草】,—,30.2,7.3,/
夏枯草（鲜）【铁色草】,63,2.5,0.7,12.7
雪莲培养物【雪荷果】,—,28.2,1,/
冬虫夏草【虫草】,332,20.9,4.7,61.6
杜鹃花,—,7,/,/
合欢花,280,19,4.7,56.4
金雀花,53,4.2,0.3,9.8
木棉花【攀枝花】,0,/,/,/
郁金香,6,2.1,/,/
月季花,276,11.5,1.1,76.3
陈皮,319,8,1.4,79
蓝靛果,—,1.3,/,/
连翘,239,5.6,0.7,82.9
龙葵果,—,3,/,/
蓬藁,—,2,/,/
苦豆子,270,4.6,2.4,72.3
孜然子,—,27.1,16.3,/
柴胡,241,7.3,4.4,70.8
沉香,297,2,12.8,77.7
防风,276,11.1,7.5,64.3
防己,311,6.2,1.7,78.2
高丽参【朝鲜参，别直参】,306,12.6,0.5,70.7
桂枝,218,3.4,2.6,82
黄连,284,19.2,1.7,66.6
鸡蛋参,102,2,3.9,18.3
苦参,288,11.7,3.8,71.7
麻黄,239,9.9,3.2,69.7
制肉苁蓉,279,14.9,1.9,62.3
紫草,188,4,2.5,70.2
刺猬皮,357,69.2,8.6,1
地龙,219,37.6,4,9.1
抹茶粉（展艺）,383,18.2,2.5,70.7
木鱼花（云半山）,346,65.1,9.2,0
仿龙虾球（安井）,139,8.4,5.5,13.8
仿墨鱼丸（安井）,130,12,4.7,9.9
夹心蟹味排（升隆）,167,9.5,7.4,15.6
橄榄菜（蓬盛）,595,2,60,14
酸豆角（吉香居）,114,2.2,7.4,7
